,mean_longitude,mean_latitude,mean_power
0,8.7675626581363,53.16501557458704,1.0
1,8.7675626581363,53.16501557458704,1.0
2,8.7675626581363,53.16501557458704,1.0
3,8.7675626581363,53.16501557458704,1.0
4,8.7675626581363,53.16501557458704,1.0
5,8.7675626581363,53.16501557458704,1.0
6,8.7675626581363,53.16501557458704,1.0
7,8.7675626581363,53.16501557458704,1.0
8,8.7675626581363,53.16501557458704,1.0
9,8.7675626581363,53.16501557458704,1.0
10,8.7675626581363,53.16501557458704,1.0
11,8.7675626581363,53.16501557458704,1.0
12,8.7675626581363,53.16501557458704,1.0
13,8.7675626581363,53.16501557458704,1.0
14,8.7675626581363,53.16501557458704,1.0
15,8.7675626581363,53.16501557458704,1.0
16,8.7675626581363,53.16501557458704,1.0
17,8.7675626581363,53.16501557458704,1.0
18,8.7675626581363,53.16501557458704,1.0
19,8.7675626581363,53.16501557458704,1.0
20,8.7675626581363,53.16501557458704,1.0
21,8.7675626581363,53.16501557458704,1.0
22,8.7675626581363,53.16501557458704,1.0
23,8.7675626581363,53.16501557458704,1.0
24,8.7675626581363,53.16501557458704,1.0
25,8.7675626581363,53.16501557458704,1.0
26,8.7675626581363,53.16501557458704,1.0
27,8.7675626581363,53.16501557458704,1.0
28,8.7675626581363,53.16501557458704,1.0
29,8.7675626581363,53.16501557458704,1.0
30,8.7675626581363,53.16501557458704,1.0
31,8.7675626581363,53.16501557458704,1.0
32,8.7675626581363,53.16501557458704,1.0
33,8.767556876169778,53.165022575625066,1.0
34,8.767556876169778,53.165022575625066,1.0
35,8.767556876169778,53.165022575625066,1.0
36,8.767556876169778,53.165022575625066,1.0
37,8.767556876169778,53.165022575625066,1.0
38,8.767556876169778,53.165022575625066,1.0
39,8.767556876169778,53.165022575625066,1.0
40,8.767556876169778,53.165022575625066,1.0
41,8.767556876169778,53.165022575625066,1.0
42,8.767556876169778,53.165022575625066,1.0
43,8.767556876169778,53.165022575625066,1.0
44,8.767556876169778,53.165022575625066,1.0
45,8.767556876169778,53.165022575625066,1.0
46,8.767556876169778,53.165022575625066,1.0
47,8.767556876169778,53.165022575625066,1.0
48,8.767556876169778,53.165022575625066,1.0
49,8.767556876169778,53.165022575625066,1.0
50,8.767556876169778,53.165022575625066,1.0
51,8.767556876169778,53.165022575625066,1.0
52,8.767556876169778,53.165022575625066,1.0
53,8.767556876169778,53.165022575625066,1.0
54,8.767556876169778,53.165022575625066,1.0
55,8.767556876169778,53.165022575625066,1.0
56,8.767556876169778,53.165022575625066,1.0
57,8.767556876169778,53.165022575625066,1.0
58,8.767556876169778,53.165022575625066,1.0
59,8.767556876169778,53.165022575625066,1.0
60,8.767556876169778,53.165022575625066,1.0
61,8.767556876169778,53.165022575625066,1.0
62,8.767556876169778,53.165022575625066,1.0
63,8.767556876169778,53.165022575625066,1.0
64,8.767556876169778,53.165022575625066,1.0
65,8.767556876169778,53.165022575625066,1.0
66,8.766645033413177,53.16686929480245,1.0
67,8.766645033413177,53.16686929480245,1.0
68,8.766645033413177,53.16686929480245,1.0
69,8.766645033413177,53.16686929480245,1.0
70,8.766645033413177,53.16686929480245,1.0
71,8.766645033413177,53.16686929480245,1.0
72,8.766645033413177,53.16686929480245,1.0
73,8.766645033413177,53.16686929480245,1.0
74,8.766645033413177,53.16686929480245,1.0
75,8.766645033413177,53.16686929480245,1.0
76,8.766645033413177,53.16686929480245,1.0
77,8.766645033413177,53.16686929480245,1.0
78,8.766645033413177,53.16686929480245,1.0
79,8.766645033413177,53.16686929480245,1.0
80,8.766645033413177,53.16686929480245,1.0
81,8.766645033413177,53.16686929480245,1.0
82,8.766645033413177,53.16686929480245,1.0
83,8.766645033413177,53.16686929480245,1.0
84,8.766645033413177,53.16686929480245,1.0
85,8.766645033413177,53.16686929480245,1.0
86,8.766645033413177,53.16686929480245,1.0
87,8.766645033413177,53.16686929480245,1.0
88,8.766645033413177,53.16686929480245,1.0
89,8.766645033413177,53.16686929480245,1.0
90,8.766645033413177,53.16686929480245,1.0
91,8.766645033413177,53.16686929480245,1.0
92,8.766645033413177,53.16686929480245,1.0
93,8.766645033413177,53.16686929480245,1.0
94,8.766645033413177,53.16686929480245,1.0
95,8.766645033413177,53.16686929480245,1.0
96,8.766645033413177,53.16686929480245,1.0
97,8.766645033413177,53.16686929480245,1.0
98,8.766645033413177,53.16686929480245,1.0
99,8.76363120298835,53.17171561129897,1.0
100,8.76363120298835,53.17171561129897,1.0
101,8.76363120298835,53.17171561129897,1.0
102,8.76363120298835,53.17171561129897,1.0
103,8.76363120298835,53.17171561129897,1.0
104,8.76363120298835,53.17171561129897,1.0
105,8.76363120298835,53.17171561129897,1.0
106,8.76363120298835,53.17171561129897,1.0
107,8.76363120298835,53.17171561129897,1.0
108,8.76363120298835,53.17171561129897,1.0
109,8.76363120298835,53.17171561129897,1.0
110,8.76363120298835,53.17171561129897,1.0
111,8.76363120298835,53.17171561129897,1.0
112,8.76363120298835,53.17171561129897,1.0
113,8.76363120298835,53.17171561129897,1.0
114,8.76363120298835,53.17171561129897,1.0
115,8.76363120298835,53.17171561129897,1.0
116,8.76363120298835,53.17171561129897,1.0
117,8.76363120298835,53.17171561129897,1.0
118,8.76363120298835,53.17171561129897,1.0
119,8.76363120298835,53.17171561129897,1.0
120,8.76363120298835,53.17171561129897,1.0
121,8.76363120298835,53.17171561129897,1.0
122,8.76363120298835,53.17171561129897,1.0
123,8.76363120298835,53.17171561129897,1.0
124,8.76363120298835,53.17171561129897,1.0
125,8.76363120298835,53.17171561129897,1.0
126,8.76363120298835,53.17171561129897,1.0
127,8.76363120298835,53.17171561129897,1.0
128,8.76363120298835,53.17171561129897,1.0
129,8.76363120298835,53.17171561129897,1.0
130,8.76363120298835,53.17171561129897,1.0
131,8.76363120298835,53.17171561129897,1.0
132,8.758661705251473,53.17999187791935,1.0
133,8.758661705251473,53.17999187791935,1.0
134,8.758661705251473,53.17999187791935,1.0
135,8.758661705251473,53.17999187791935,1.0
136,8.758661705251473,53.17999187791935,1.0
137,8.758661705251473,53.17999187791935,1.0
138,8.758661705251473,53.17999187791935,1.0
139,8.758661705251473,53.17999187791935,1.0
140,8.758661705251473,53.17999187791935,1.0
141,8.758661705251473,53.17999187791935,1.0
142,8.758661705251473,53.17999187791935,1.0
143,8.758661705251473,53.17999187791935,1.0
144,8.758661705251473,53.17999187791935,1.0
145,8.758661705251473,53.17999187791935,1.0
146,8.758661705251473,53.17999187791935,1.0
147,8.758661705251473,53.17999187791935,1.0
148,8.758661705251473,53.17999187791935,1.0
149,8.758661705251473,53.17999187791935,1.0
150,8.758661705251473,53.17999187791935,1.0
151,8.758661705251473,53.17999187791935,1.0
152,8.758661705251473,53.17999187791935,1.0
153,8.758661705251473,53.17999187791935,1.0
154,8.758661705251473,53.17999187791935,1.0
155,8.758661705251473,53.17999187791935,1.0
156,8.758661705251473,53.17999187791935,1.0
157,8.758661705251473,53.17999187791935,1.0
158,8.758661705251473,53.17999187791935,1.0
159,8.758661705251473,53.17999187791935,1.0
160,8.758661705251473,53.17999187791935,1.0
161,8.758661705251473,53.17999187791935,1.0
162,8.758661705251473,53.17999187791935,1.0
163,8.758661705251473,53.17999187791935,1.0
164,8.758661705251473,53.17999187791935,1.0
165,8.754232036256052,53.18780887288011,1.0
166,8.754232036256052,53.18780887288011,1.0
167,8.754232036256052,53.18780887288011,1.0
168,8.754232036256052,53.18780887288011,1.0
169,8.754232036256052,53.18780887288011,1.0
170,8.754232036256052,53.18780887288011,1.0
171,8.754232036256052,53.18780887288011,1.0
172,8.754232036256052,53.18780887288011,1.0
173,8.754232036256052,53.18780887288011,1.0
174,8.754232036256052,53.18780887288011,1.0
175,8.754232036256052,53.18780887288011,1.0
176,8.754232036256052,53.18780887288011,1.0
177,8.754232036256052,53.18780887288011,1.0
178,8.754232036256052,53.18780887288011,1.0
179,8.754232036256052,53.18780887288011,1.0
180,8.754232036256052,53.18780887288011,1.0
181,8.754232036256052,53.18780887288011,1.0
182,8.754232036256052,53.18780887288011,1.0
183,8.754232036256052,53.18780887288011,1.0
184,8.754232036256052,53.18780887288011,1.0
185,8.754232036256052,53.18780887288011,1.0
186,8.754232036256052,53.18780887288011,1.0
187,8.754232036256052,53.18780887288011,1.0
188,8.754232036256052,53.18780887288011,1.0
189,8.754232036256052,53.18780887288011,1.0
190,8.754232036256052,53.18780887288011,1.0
191,8.754232036256052,53.18780887288011,1.0
192,8.754232036256052,53.18780887288011,1.0
193,8.754232036256052,53.18780887288011,1.0
194,8.754232036256052,53.18780887288011,1.0
195,8.754232036256052,53.18780887288011,1.0
196,8.754232036256052,53.18780887288011,1.0
197,8.754232036256052,53.18780887288011,1.0
198,8.744887823367922,53.20169860056505,1.0
199,8.744887823367922,53.20169860056505,1.0
200,8.744887823367922,53.20169860056505,1.0
201,8.744887823367922,53.20169860056505,1.0
202,8.744887823367922,53.20169860056505,1.0
203,8.744887823367922,53.20169860056505,1.0
204,8.744887823367922,53.20169860056505,1.0
205,8.744887823367922,53.20169860056505,1.0
206,8.744887823367922,53.20169860056505,1.0
207,8.744887823367922,53.20169860056505,1.0
208,8.744887823367922,53.20169860056505,1.0
209,8.744887823367922,53.20169860056505,1.0
210,8.744887823367922,53.20169860056505,1.0
211,8.744887823367922,53.20169860056505,1.0
212,8.744887823367922,53.20169860056505,1.0
213,8.744887823367922,53.20169860056505,1.0
214,8.744887823367922,53.20169860056505,1.0
215,8.744887823367922,53.20169860056505,1.0
216,8.744887823367922,53.20169860056505,1.0
217,8.744887823367922,53.20169860056505,1.0
218,8.744887823367922,53.20169860056505,1.0
219,8.744887823367922,53.20169860056505,1.0
220,8.744887823367922,53.20169860056505,1.0
221,8.744887823367922,53.20169860056505,1.0
222,8.744887823367922,53.20169860056505,1.0
223,8.744887823367922,53.20169860056505,1.0
224,8.744887823367922,53.20169860056505,1.0
225,8.744887823367922,53.20169860056505,1.0
226,8.744887823367922,53.20169860056505,1.0
227,8.744887823367922,53.20169860056505,1.0
228,8.744887823367922,53.20169860056505,1.0
229,8.744887823367922,53.20169860056505,1.0
230,8.744887823367922,53.20169860056505,1.0
231,8.730938184425373,53.219114504307306,1.0
232,8.730938184425373,53.219114504307306,1.0
233,8.730938184425373,53.219114504307306,1.0
234,8.730938184425373,53.219114504307306,1.0
235,8.730938184425373,53.219114504307306,1.0
236,8.730938184425373,53.219114504307306,1.0
237,8.730938184425373,53.219114504307306,1.0
238,8.730938184425373,53.219114504307306,1.0
239,8.730938184425373,53.219114504307306,1.0
240,8.730938184425373,53.219114504307306,1.0
241,8.730938184425373,53.219114504307306,1.0
242,8.730938184425373,53.219114504307306,1.0
243,8.730938184425373,53.219114504307306,1.0
244,8.730938184425373,53.219114504307306,1.0
245,8.730938184425373,53.219114504307306,1.0
246,8.730938184425373,53.219114504307306,1.0
247,8.730938184425373,53.219114504307306,1.0
248,8.730938184425373,53.219114504307306,1.0
249,8.730938184425373,53.219114504307306,1.0
250,8.730938184425373,53.219114504307306,1.0
251,8.730938184425373,53.219114504307306,1.0
252,8.730938184425373,53.219114504307306,1.0
253,8.730938184425373,53.219114504307306,1.0
254,8.730938184425373,53.219114504307306,1.0
255,8.730938184425373,53.219114504307306,1.0
256,8.730938184425373,53.219114504307306,1.0
257,8.730938184425373,53.219114504307306,1.0
258,8.730938184425373,53.219114504307306,1.0
259,8.730938184425373,53.219114504307306,1.0
260,8.730938184425373,53.219114504307306,1.0
261,8.730938184425373,53.219114504307306,1.0
262,8.730938184425373,53.219114504307306,1.0
263,8.730938184425373,53.219114504307306,1.0
264,8.718698978335409,53.23420965813039,1.0
265,8.718698978335409,53.23420965813039,1.0
266,8.718698978335409,53.23420965813039,1.0
267,8.718698978335409,53.23420965813039,1.0
268,8.718698978335409,53.23420965813039,1.0
269,8.718698978335409,53.23420965813039,1.0
270,8.718698978335409,53.23420965813039,1.0
271,8.718698978335409,53.23420965813039,1.0
272,8.718698978335409,53.23420965813039,1.0
273,8.718698978335409,53.23420965813039,1.0
274,8.718698978335409,53.23420965813039,1.0
275,8.718698978335409,53.23420965813039,1.0
276,8.718698978335409,53.23420965813039,1.0
277,8.718698978335409,53.23420965813039,1.0
278,8.718698978335409,53.23420965813039,1.0
279,8.718698978335409,53.23420965813039,1.0
280,8.718698978335409,53.23420965813039,1.0
281,8.718698978335409,53.23420965813039,1.0
282,8.718698978335409,53.23420965813039,1.0
283,8.718698978335409,53.23420965813039,1.0
284,8.718698978335409,53.23420965813039,1.0
285,8.718698978335409,53.23420965813039,1.0
286,8.718698978335409,53.23420965813039,1.0
287,8.718698978335409,53.23420965813039,1.0
288,8.718698978335409,53.23420965813039,1.0
289,8.718698978335409,53.23420965813039,1.0
290,8.718698978335409,53.23420965813039,1.0
291,8.718698978335409,53.23420965813039,1.0
292,8.718698978335409,53.23420965813039,1.0
293,8.718698978335409,53.23420965813039,1.0
294,8.718698978335409,53.23420965813039,1.0
295,8.718698978335409,53.23420965813039,1.0
296,8.718698978335409,53.23420965813039,1.0
297,8.704253608311866,53.25205729965472,1.0
298,8.704253608311866,53.25205729965472,1.0
299,8.704253608311866,53.25205729965472,1.0
300,8.704253608311866,53.25205729965472,1.0
301,8.704253608311866,53.25205729965472,1.0
302,8.704253608311866,53.25205729965472,1.0
303,8.704253608311866,53.25205729965472,1.0
304,8.704253608311866,53.25205729965472,1.0
305,8.704253608311866,53.25205729965472,1.0
306,8.704253608311866,53.25205729965472,1.0
307,8.704253608311866,53.25205729965472,1.0
308,8.704253608311866,53.25205729965472,1.0
309,8.704253608311866,53.25205729965472,1.0
310,8.704253608311866,53.25205729965472,1.0
311,8.704253608311866,53.25205729965472,1.0
312,8.704253608311866,53.25205729965472,1.0
313,8.704253608311866,53.25205729965472,1.0
314,8.704253608311866,53.25205729965472,1.0
315,8.704253608311866,53.25205729965472,1.0
316,8.704253608311866,53.25205729965472,1.0
317,8.704253608311866,53.25205729965472,1.0
318,8.704253608311866,53.25205729965472,1.0
319,8.704253608311866,53.25205729965472,1.0
320,8.704253608311866,53.25205729965472,1.0
321,8.704253608311866,53.25205729965472,1.0
322,8.704253608311866,53.25205729965472,1.0
323,8.704253608311866,53.25205729965472,1.0
324,8.704253608311866,53.25205729965472,1.0
325,8.704253608311866,53.25205729965472,1.0
326,8.704253608311866,53.25205729965472,1.0
327,8.704253608311866,53.25205729965472,1.0
328,8.704253608311866,53.25205729965472,1.0
329,8.704253608311866,53.25205729965472,1.0
330,8.68291997513209,53.27845306964635,1.0
331,8.68291997513209,53.27845306964635,1.0
332,8.68291997513209,53.27845306964635,1.0
333,8.68291997513209,53.27845306964635,1.0
334,8.68291997513209,53.27845306964635,1.0
335,8.68291997513209,53.27845306964635,1.0
336,8.68291997513209,53.27845306964635,1.0
337,8.68291997513209,53.27845306964635,1.0
338,8.68291997513209,53.27845306964635,1.0
339,8.68291997513209,53.27845306964635,1.0
340,8.68291997513209,53.27845306964635,1.0
341,8.68291997513209,53.27845306964635,1.0
342,8.68291997513209,53.27845306964635,1.0
343,8.68291997513209,53.27845306964635,1.0
344,8.68291997513209,53.27845306964635,1.0
345,8.68291997513209,53.27845306964635,1.0
346,8.68291997513209,53.27845306964635,1.0
347,8.68291997513209,53.27845306964635,1.0
348,8.68291997513209,53.27845306964635,1.0
349,8.68291997513209,53.27845306964635,1.0
350,8.68291997513209,53.27845306964635,1.0
351,8.68291997513209,53.27845306964635,1.0
352,8.68291997513209,53.27845306964635,1.0
353,8.68291997513209,53.27845306964635,1.0
354,8.68291997513209,53.27845306964635,1.0
355,8.68291997513209,53.27845306964635,1.0
356,8.68291997513209,53.27845306964635,1.0
357,8.68291997513209,53.27845306964635,1.0
358,8.68291997513209,53.27845306964635,1.0
359,8.68291997513209,53.27845306964635,1.0
360,8.68291997513209,53.27845306964635,1.0
361,8.68291997513209,53.27845306964635,1.0
362,8.68291997513209,53.27845306964635,1.0
363,8.6647899348053,53.29997793359136,1.0
364,8.6647899348053,53.29997793359136,1.0
365,8.6647899348053,53.29997793359136,1.0
366,8.6647899348053,53.29997793359136,1.0
367,8.6647899348053,53.29997793359136,1.0
368,8.6647899348053,53.29997793359136,1.0
369,8.6647899348053,53.29997793359136,1.0
370,8.6647899348053,53.29997793359136,1.0
371,8.6647899348053,53.29997793359136,1.0
372,8.6647899348053,53.29997793359136,1.0
373,8.6647899348053,53.29997793359136,1.0
374,8.6647899348053,53.29997793359136,1.0
375,8.6647899348053,53.29997793359136,1.0
376,8.6647899348053,53.29997793359136,1.0
377,8.6647899348053,53.29997793359136,1.0
378,8.6647899348053,53.29997793359136,1.0
379,8.6647899348053,53.29997793359136,1.0
380,8.6647899348053,53.29997793359136,1.0
381,8.6647899348053,53.29997793359136,1.0
382,8.6647899348053,53.29997793359136,1.0
383,8.6647899348053,53.29997793359136,1.0
384,8.6647899348053,53.29997793359136,1.0
385,8.6647899348053,53.29997793359136,1.0
386,8.6647899348053,53.29997793359136,1.0
387,8.6647899348053,53.29997793359136,1.0
388,8.6647899348053,53.29997793359136,1.0
389,8.6647899348053,53.29997793359136,1.0
390,8.6647899348053,53.29997793359136,1.0
391,8.6647899348053,53.29997793359136,1.0
392,8.6647899348053,53.29997793359136,1.0
393,8.6647899348053,53.29997793359136,1.0
394,8.6647899348053,53.29997793359136,1.0
395,8.6647899348053,53.29997793359136,1.0
396,8.648451677512714,53.3207944040966,1.0
397,8.648451677512714,53.3207944040966,1.0
398,8.648451677512714,53.3207944040966,1.0
399,8.648451677512714,53.3207944040966,1.0
400,8.648451677512714,53.3207944040966,1.0
401,8.648451677512714,53.3207944040966,1.0
402,8.648451677512714,53.3207944040966,1.0
403,8.648451677512714,53.3207944040966,1.0
404,8.648451677512714,53.3207944040966,1.0
405,8.648451677512714,53.3207944040966,1.0
406,8.648451677512714,53.3207944040966,1.0
407,8.648451677512714,53.3207944040966,1.0
408,8.648451677512714,53.3207944040966,1.0
409,8.648451677512714,53.3207944040966,1.0
410,8.648451677512714,53.3207944040966,1.0
411,8.648451677512714,53.3207944040966,1.0
412,8.648451677512714,53.3207944040966,1.0
413,8.648451677512714,53.3207944040966,1.0
414,8.648451677512714,53.3207944040966,1.0
415,8.648451677512714,53.3207944040966,1.0
416,8.648451677512714,53.3207944040966,1.0
417,8.648451677512714,53.3207944040966,1.0
418,8.648451677512714,53.3207944040966,1.0
419,8.648451677512714,53.3207944040966,1.0
420,8.648451677512714,53.3207944040966,1.0
421,8.648451677512714,53.3207944040966,1.0
422,8.648451677512714,53.3207944040966,1.0
423,8.648451677512714,53.3207944040966,1.0
424,8.648451677512714,53.3207944040966,1.0
425,8.648451677512714,53.3207944040966,1.0
426,8.648451677512714,53.3207944040966,1.0
427,8.648451677512714,53.3207944040966,1.0
428,8.648451677512714,53.3207944040966,1.0
429,8.63241940343572,53.340371162861274,1.0
430,8.63241940343572,53.340371162861274,1.0
431,8.63241940343572,53.340371162861274,1.0
432,8.63241940343572,53.340371162861274,1.0
433,8.63241940343572,53.340371162861274,1.0
434,8.63241940343572,53.340371162861274,1.0
435,8.63241940343572,53.340371162861274,1.0
436,8.63241940343572,53.340371162861274,1.0
437,8.63241940343572,53.340371162861274,1.0
438,8.63241940343572,53.340371162861274,1.0
439,8.63241940343572,53.340371162861274,1.0
440,8.63241940343572,53.340371162861274,1.0
441,8.63241940343572,53.340371162861274,1.0
442,8.63241940343572,53.340371162861274,1.0
443,8.63241940343572,53.340371162861274,1.0
444,8.63241940343572,53.340371162861274,1.0
445,8.63241940343572,53.340371162861274,1.0
446,8.63241940343572,53.340371162861274,1.0
447,8.63241940343572,53.340371162861274,1.0
448,8.63241940343572,53.340371162861274,1.0
449,8.63241940343572,53.340371162861274,1.0
450,8.63241940343572,53.340371162861274,1.0
451,8.63241940343572,53.340371162861274,1.0
452,8.63241940343572,53.340371162861274,1.0
453,8.63241940343572,53.340371162861274,1.0
454,8.63241940343572,53.340371162861274,1.0
455,8.63241940343572,53.340371162861274,1.0
456,8.63241940343572,53.340371162861274,1.0
457,8.63241940343572,53.340371162861274,1.0
458,8.63241940343572,53.340371162861274,1.0
459,8.63241940343572,53.340371162861274,1.0
460,8.63241940343572,53.340371162861274,1.0
461,8.63241940343572,53.340371162861274,1.0
462,8.621936907712595,53.35545927889132,1.0
463,8.621936907712595,53.35545927889132,1.0
464,8.621936907712595,53.35545927889132,1.0
465,8.621936907712595,53.35545927889132,1.0
466,8.621936907712595,53.35545927889132,1.0
467,8.621936907712595,53.35545927889132,1.0
468,8.621936907712595,53.35545927889132,1.0
469,8.621936907712595,53.35545927889132,1.0
470,8.621936907712595,53.35545927889132,1.0
471,8.621936907712595,53.35545927889132,1.0
472,8.621936907712595,53.35545927889132,1.0
473,8.621936907712595,53.35545927889132,1.0
474,8.621936907712595,53.35545927889132,1.0
475,8.621936907712595,53.35545927889132,1.0
476,8.621936907712595,53.35545927889132,1.0
477,8.621936907712595,53.35545927889132,1.0
478,8.621936907712595,53.35545927889132,1.0
479,8.621936907712595,53.35545927889132,1.0
480,8.621936907712595,53.35545927889132,1.0
481,8.621936907712595,53.35545927889132,1.0
482,8.621936907712595,53.35545927889132,1.0
483,8.621936907712595,53.35545927889132,1.0
484,8.621936907712595,53.35545927889132,1.0
485,8.621936907712595,53.35545927889132,1.0
486,8.621936907712595,53.35545927889132,1.0
487,8.621936907712595,53.35545927889132,1.0
488,8.621936907712595,53.35545927889132,1.0
489,8.621936907712595,53.35545927889132,1.0
490,8.621936907712595,53.35545927889132,1.0
491,8.621936907712595,53.35545927889132,1.0
492,8.621936907712595,53.35545927889132,1.0
493,8.621936907712595,53.35545927889132,1.0
494,8.621936907712595,53.35545927889132,1.0
495,8.617285205798636,53.36303721836881,1.0
496,8.617285205798636,53.36303721836881,1.0
497,8.617285205798636,53.36303721836881,1.0
498,8.617285205798636,53.36303721836881,1.0
499,8.617285205798636,53.36303721836881,1.0
500,8.617285205798636,53.36303721836881,1.0
501,8.617285205798636,53.36303721836881,1.0
502,8.617285205798636,53.36303721836881,1.0
503,8.617285205798636,53.36303721836881,1.0
504,8.617285205798636,53.36303721836881,1.0
505,8.617285205798636,53.36303721836881,1.0
506,8.617285205798636,53.36303721836881,1.0
507,8.617285205798636,53.36303721836881,1.0
508,8.617285205798636,53.36303721836881,1.0
509,8.617285205798636,53.36303721836881,1.0
510,8.617285205798636,53.36303721836881,1.0
511,8.617285205798636,53.36303721836881,1.0
512,8.617285205798636,53.36303721836881,1.0
513,8.617285205798636,53.36303721836881,1.0
514,8.617285205798636,53.36303721836881,1.0
515,8.617285205798636,53.36303721836881,1.0
516,8.617285205798636,53.36303721836881,1.0
517,8.617285205798636,53.36303721836881,1.0
518,8.617285205798636,53.36303721836881,1.0
519,8.617285205798636,53.36303721836881,1.0
520,8.617285205798636,53.36303721836881,1.0
521,8.617285205798636,53.36303721836881,1.0
522,8.617285205798636,53.36303721836881,1.0
523,8.617285205798636,53.36303721836881,1.0
524,8.617285205798636,53.36303721836881,1.0
525,8.617285205798636,53.36303721836881,1.0
526,8.617285205798636,53.36303721836881,1.0
527,8.617285205798636,53.36303721836881,1.0
528,8.61427094622589,53.369124490884886,1.0
529,8.61427094622589,53.369124490884886,1.0
530,8.61427094622589,53.369124490884886,1.0
531,8.61427094622589,53.369124490884886,1.0
532,8.61427094622589,53.369124490884886,1.0
533,8.61427094622589,53.369124490884886,1.0
534,8.61427094622589,53.369124490884886,1.0
535,8.61427094622589,53.369124490884886,1.0
536,8.61427094622589,53.369124490884886,1.0
537,8.61427094622589,53.369124490884886,1.0
538,8.61427094622589,53.369124490884886,1.0
539,8.61427094622589,53.369124490884886,1.0
540,8.61427094622589,53.369124490884886,1.0
541,8.61427094622589,53.369124490884886,1.0
542,8.61427094622589,53.369124490884886,1.0
543,8.61427094622589,53.369124490884886,1.0
544,8.61427094622589,53.369124490884886,1.0
545,8.61427094622589,53.369124490884886,1.0
546,8.61427094622589,53.369124490884886,1.0
547,8.61427094622589,53.369124490884886,1.0
548,8.61427094622589,53.369124490884886,1.0
549,8.61427094622589,53.369124490884886,1.0
550,8.61427094622589,53.369124490884886,1.0
551,8.61427094622589,53.369124490884886,1.0
552,8.61427094622589,53.369124490884886,1.0
553,8.61427094622589,53.369124490884886,1.0
554,8.61427094622589,53.369124490884886,1.0
555,8.61427094622589,53.369124490884886,1.0
556,8.61427094622589,53.369124490884886,1.0
557,8.61427094622589,53.369124490884886,1.0
558,8.61427094622589,53.369124490884886,1.0
559,8.61427094622589,53.369124490884886,1.0
560,8.61427094622589,53.369124490884886,1.0
561,8.611538043976637,53.37563482718416,1.0
562,8.611538043976637,53.37563482718416,1.0
563,8.611538043976637,53.37563482718416,1.0
564,8.611538043976637,53.37563482718416,1.0
565,8.611538043976637,53.37563482718416,1.0
566,8.611538043976637,53.37563482718416,1.0
567,8.611538043976637,53.37563482718416,1.0
568,8.611538043976637,53.37563482718416,1.0
569,8.611538043976637,53.37563482718416,1.0
570,8.611538043976637,53.37563482718416,1.0
571,8.611538043976637,53.37563482718416,1.0
572,8.611538043976637,53.37563482718416,1.0
573,8.611538043976637,53.37563482718416,1.0
574,8.611538043976637,53.37563482718416,1.0
575,8.611538043976637,53.37563482718416,1.0
576,8.611538043976637,53.37563482718416,1.0
577,8.611538043976637,53.37563482718416,1.0
578,8.611538043976637,53.37563482718416,1.0
579,8.611538043976637,53.37563482718416,1.0
580,8.611538043976637,53.37563482718416,1.0
581,8.611538043976637,53.37563482718416,1.0
582,8.611538043976637,53.37563482718416,1.0
583,8.611538043976637,53.37563482718416,1.0
584,8.611538043976637,53.37563482718416,1.0
585,8.611538043976637,53.37563482718416,1.0
586,8.611538043976637,53.37563482718416,1.0
587,8.611538043976637,53.37563482718416,1.0
588,8.611538043976637,53.37563482718416,1.0
589,8.611538043976637,53.37563482718416,1.0
590,8.611538043976637,53.37563482718416,1.0
591,8.611538043976637,53.37563482718416,1.0
592,8.611538043976637,53.37563482718416,1.0
593,8.611538043976637,53.37563482718416,1.0
594,8.605285744560627,53.399959656963375,1.0
595,8.605285744560627,53.399959656963375,1.0
596,8.605285744560627,53.399959656963375,1.0
597,8.605285744560627,53.399959656963375,1.0
598,8.605285744560627,53.399959656963375,1.0
599,8.605285744560627,53.399959656963375,1.0
600,8.605285744560627,53.399959656963375,1.0
601,8.605285744560627,53.399959656963375,1.0
602,8.605285744560627,53.399959656963375,1.0
603,8.605285744560627,53.399959656963375,1.0
604,8.605285744560627,53.399959656963375,1.0
605,8.605285744560627,53.399959656963375,1.0
606,8.605285744560627,53.399959656963375,1.0
607,8.605285744560627,53.399959656963375,1.0
608,8.605285744560627,53.399959656963375,1.0
609,8.605285744560627,53.399959656963375,1.0
610,8.605285744560627,53.399959656963375,1.0
611,8.605285744560627,53.399959656963375,1.0
612,8.605285744560627,53.399959656963375,1.0
613,8.605285744560627,53.399959656963375,1.0
614,8.605285744560627,53.399959656963375,1.0
615,8.605285744560627,53.399959656963375,1.0
616,8.605285744560627,53.399959656963375,1.0
617,8.605285744560627,53.399959656963375,1.0
618,8.605285744560627,53.399959656963375,1.0
619,8.605285744560627,53.399959656963375,1.0
620,8.605285744560627,53.399959656963375,1.0
621,8.605285744560627,53.399959656963375,1.0
622,8.605285744560627,53.399959656963375,1.0
623,8.605285744560627,53.399959656963375,1.0
624,8.605285744560627,53.399959656963375,1.0
625,8.605285744560627,53.399959656963375,1.0
626,8.605285744560627,53.399959656963375,1.0
627,8.595310451900835,53.44656090090169,1.0
628,8.595310451900835,53.44656090090169,1.0
629,8.595310451900835,53.44656090090169,1.0
630,8.595310451900835,53.44656090090169,1.0
631,8.595310451900835,53.44656090090169,1.0
632,8.595310451900835,53.44656090090169,1.0
633,8.595310451900835,53.44656090090169,1.0
634,8.595310451900835,53.44656090090169,1.0
635,8.595310451900835,53.44656090090169,1.0
636,8.595310451900835,53.44656090090169,1.0
637,8.595310451900835,53.44656090090169,1.0
638,8.595310451900835,53.44656090090169,1.0
639,8.595310451900835,53.44656090090169,1.0
640,8.595310451900835,53.44656090090169,1.0
641,8.595310451900835,53.44656090090169,1.0
642,8.595310451900835,53.44656090090169,1.0
643,8.595310451900835,53.44656090090169,1.0
644,8.595310451900835,53.44656090090169,1.0
645,8.595310451900835,53.44656090090169,1.0
646,8.595310451900835,53.44656090090169,1.0
647,8.595310451900835,53.44656090090169,1.0
648,8.595310451900835,53.44656090090169,1.0
649,8.595310451900835,53.44656090090169,1.0
650,8.595310451900835,53.44656090090169,1.0
651,8.595310451900835,53.44656090090169,1.0
652,8.595310451900835,53.44656090090169,1.0
653,8.595310451900835,53.44656090090169,1.0
654,8.595310451900835,53.44656090090169,1.0
655,8.595310451900835,53.44656090090169,1.0
656,8.595310451900835,53.44656090090169,1.0
657,8.595310451900835,53.44656090090169,1.0
658,8.595310451900835,53.44656090090169,1.0
659,8.595310451900835,53.44656090090169,1.0
660,8.594533354547796,53.483940016873696,1.0
661,8.594533354547796,53.483940016873696,1.0
662,8.594533354547796,53.483940016873696,1.0
663,8.594533354547796,53.483940016873696,1.0
664,8.594533354547796,53.483940016873696,1.0
665,8.594533354547796,53.483940016873696,1.0
666,8.594533354547796,53.483940016873696,1.0
667,8.594533354547796,53.483940016873696,1.0
668,8.594533354547796,53.483940016873696,1.0
669,8.594533354547796,53.483940016873696,1.0
670,8.594533354547796,53.483940016873696,1.0
671,8.594533354547796,53.483940016873696,1.0
672,8.594533354547796,53.483940016873696,1.0
673,8.594533354547796,53.483940016873696,1.0
674,8.594533354547796,53.483940016873696,1.0
675,8.594533354547796,53.483940016873696,1.0
676,8.594533354547796,53.483940016873696,1.0
677,8.594533354547796,53.483940016873696,1.0
678,8.594533354547796,53.483940016873696,1.0
679,8.594533354547796,53.483940016873696,1.0
680,8.594533354547796,53.483940016873696,1.0
681,8.594533354547796,53.483940016873696,1.0
682,8.594533354547796,53.483940016873696,1.0
683,8.594533354547796,53.483940016873696,1.0
684,8.594533354547796,53.483940016873696,1.0
685,8.594533354547796,53.483940016873696,1.0
686,8.594533354547796,53.483940016873696,1.0
687,8.594533354547796,53.483940016873696,1.0
688,8.594533354547796,53.483940016873696,1.0
689,8.594533354547796,53.483940016873696,1.0
690,8.594533354547796,53.483940016873696,1.0
691,8.594533354547796,53.483940016873696,1.0
692,8.594533354547796,53.483940016873696,1.0
693,8.596790603708872,53.51115453544328,1.0
694,8.596790603708872,53.51115453544328,1.0
695,8.596790603708872,53.51115453544328,1.0
696,8.596790603708872,53.51115453544328,1.0
697,8.596790603708872,53.51115453544328,1.0
698,8.596790603708872,53.51115453544328,1.0
699,8.596790603708872,53.51115453544328,1.0
700,8.596790603708872,53.51115453544328,1.0
701,8.596790603708872,53.51115453544328,1.0
702,8.596790603708872,53.51115453544328,1.0
703,8.596790603708872,53.51115453544328,1.0
704,8.596790603708872,53.51115453544328,1.0
705,8.596790603708872,53.51115453544328,1.0
706,8.596790603708872,53.51115453544328,1.0
707,8.596790603708872,53.51115453544328,1.0
708,8.596790603708872,53.51115453544328,1.0
709,8.596790603708872,53.51115453544328,1.0
710,8.596790603708872,53.51115453544328,1.0
711,8.596790603708872,53.51115453544328,1.0
712,8.596790603708872,53.51115453544328,1.0
713,8.596790603708872,53.51115453544328,1.0
714,8.596790603708872,53.51115453544328,1.0
715,8.596790603708872,53.51115453544328,1.0
716,8.596790603708872,53.51115453544328,1.0
717,8.596790603708872,53.51115453544328,1.0
718,8.596790603708872,53.51115453544328,1.0
719,8.596790603708872,53.51115453544328,1.0
720,8.596790603708872,53.51115453544328,1.0
721,8.596790603708872,53.51115453544328,1.0
722,8.596790603708872,53.51115453544328,1.0
723,8.596790603708872,53.51115453544328,1.0
724,8.596790603708872,53.51115453544328,1.0
725,8.596790603708872,53.51115453544328,1.0
726,8.599649810113934,53.53156401237711,1.0
727,8.599649810113934,53.53156401237711,1.0
728,8.599649810113934,53.53156401237711,1.0
729,8.599649810113934,53.53156401237711,1.0
730,8.599649810113934,53.53156401237711,1.0
731,8.599649810113934,53.53156401237711,1.0
732,8.599649810113934,53.53156401237711,1.0
733,8.599649810113934,53.53156401237711,1.0
734,8.599649810113934,53.53156401237711,1.0
735,8.599649810113934,53.53156401237711,1.0
736,8.599649810113934,53.53156401237711,1.0
737,8.599649810113934,53.53156401237711,1.0
738,8.599649810113934,53.53156401237711,1.0
739,8.599649810113934,53.53156401237711,1.0
740,8.599649810113934,53.53156401237711,1.0
741,8.599649810113934,53.53156401237711,1.0
742,8.599649810113934,53.53156401237711,1.0
743,8.599649810113934,53.53156401237711,1.0
744,8.599649810113934,53.53156401237711,1.0
745,8.599649810113934,53.53156401237711,1.0
746,8.599649810113934,53.53156401237711,1.0
747,8.599649810113934,53.53156401237711,1.0
748,8.599649810113934,53.53156401237711,1.0
749,8.599649810113934,53.53156401237711,1.0
750,8.599649810113934,53.53156401237711,1.0
751,8.599649810113934,53.53156401237711,1.0
752,8.599649810113934,53.53156401237711,1.0
753,8.599649810113934,53.53156401237711,1.0
754,8.599649810113934,53.53156401237711,1.0
755,8.599649810113934,53.53156401237711,1.0
756,8.599649810113934,53.53156401237711,1.0
757,8.599649810113934,53.53156401237711,1.0
758,8.599649810113934,53.53156401237711,1.0
759,8.601479876354164,53.54399211982323,1.0
760,8.601479876354164,53.54399211982323,1.0
761,8.601479876354164,53.54399211982323,1.0
762,8.601479876354164,53.54399211982323,1.0
763,8.601479876354164,53.54399211982323,1.0
764,8.601479876354164,53.54399211982323,1.0
765,8.601479876354164,53.54399211982323,1.0
766,8.601479876354164,53.54399211982323,1.0
767,8.601479876354164,53.54399211982323,1.0
768,8.601479876354164,53.54399211982323,1.0
769,8.601479876354164,53.54399211982323,1.0
770,8.601479876354164,53.54399211982323,1.0
771,8.601479876354164,53.54399211982323,1.0
772,8.601479876354164,53.54399211982323,1.0
773,8.601479876354164,53.54399211982323,1.0
774,8.601479876354164,53.54399211982323,1.0
775,8.601479876354164,53.54399211982323,1.0
776,8.601479876354164,53.54399211982323,1.0
777,8.601479876354164,53.54399211982323,1.0
778,8.601479876354164,53.54399211982323,1.0
779,8.601479876354164,53.54399211982323,1.0
780,8.601479876354164,53.54399211982323,1.0
781,8.601479876354164,53.54399211982323,1.0
782,8.601479876354164,53.54399211982323,1.0
783,8.601479876354164,53.54399211982323,1.0
784,8.601479876354164,53.54399211982323,1.0
785,8.601479876354164,53.54399211982323,1.0
786,8.601479876354164,53.54399211982323,1.0
787,8.601479876354164,53.54399211982323,1.0
788,8.601479876354164,53.54399211982323,1.0
789,8.601479876354164,53.54399211982323,1.0
790,8.601479876354164,53.54399211982323,1.0
791,8.601479876354164,53.54399211982323,1.0
792,8.602511040203746,53.54760474529898,1.0
793,8.602511040203746,53.54760474529898,1.0
794,8.602511040203746,53.54760474529898,1.0
795,8.602511040203746,53.54760474529898,1.0
796,8.602511040203746,53.54760474529898,1.0
797,8.602511040203746,53.54760474529898,1.0
798,8.602511040203746,53.54760474529898,1.0
799,8.602511040203746,53.54760474529898,1.0
800,8.602511040203746,53.54760474529898,1.0
801,8.602511040203746,53.54760474529898,1.0
802,8.602511040203746,53.54760474529898,1.0
803,8.602511040203746,53.54760474529898,1.0
804,8.602511040203746,53.54760474529898,1.0
805,8.602511040203746,53.54760474529898,1.0
806,8.602511040203746,53.54760474529898,1.0
807,8.602511040203746,53.54760474529898,1.0
808,8.602511040203746,53.54760474529898,1.0
809,8.602511040203746,53.54760474529898,1.0
810,8.602511040203746,53.54760474529898,1.0
811,8.602511040203746,53.54760474529898,1.0
812,8.602511040203746,53.54760474529898,1.0
813,8.602511040203746,53.54760474529898,1.0
814,8.602511040203746,53.54760474529898,1.0
815,8.602511040203746,53.54760474529898,1.0
816,8.602511040203746,53.54760474529898,1.0
817,8.602511040203746,53.54760474529898,1.0
818,8.602511040203746,53.54760474529898,1.0
819,8.602511040203746,53.54760474529898,1.0
820,8.602511040203746,53.54760474529898,1.0
821,8.602511040203746,53.54760474529898,1.0
822,8.602511040203746,53.54760474529898,1.0
823,8.602511040203746,53.54760474529898,1.0
824,8.602511040203746,53.54760474529898,1.0
825,8.602849523447254,53.54876685243221,1.0
826,8.602849523447254,53.54876685243221,1.0
827,8.602849523447254,53.54876685243221,1.0
828,8.602849523447254,53.54876685243221,1.0
829,8.602849523447254,53.54876685243221,1.0
830,8.602849523447254,53.54876685243221,1.0
831,8.602849523447254,53.54876685243221,1.0
832,8.602849523447254,53.54876685243221,1.0
833,8.602849523447254,53.54876685243221,1.0
834,8.602849523447254,53.54876685243221,1.0
835,8.602849523447254,53.54876685243221,1.0
836,8.602849523447254,53.54876685243221,1.0
837,8.602849523447254,53.54876685243221,1.0
838,8.602849523447254,53.54876685243221,1.0
839,8.602849523447254,53.54876685243221,1.0
840,8.602849523447254,53.54876685243221,1.0
841,8.602849523447254,53.54876685243221,1.0
842,8.602849523447254,53.54876685243221,1.0
843,8.602849523447254,53.54876685243221,1.0
844,8.602849523447254,53.54876685243221,1.0
845,8.602849523447254,53.54876685243221,1.0
846,8.602849523447254,53.54876685243221,1.0
847,8.602849523447254,53.54876685243221,1.0
848,8.602849523447254,53.54876685243221,1.0
849,8.602849523447254,53.54876685243221,1.0
850,8.602849523447254,53.54876685243221,1.0
851,8.602849523447254,53.54876685243221,1.0
852,8.602849523447254,53.54876685243221,1.0
853,8.602849523447254,53.54876685243221,1.0
854,8.602849523447254,53.54876685243221,1.0
855,8.602849523447254,53.54876685243221,1.0
856,8.602849523447254,53.54876685243221,1.0
857,8.602849523447254,53.54876685243221,1.0
858,8.602849523447254,53.54876685243221,1.0
859,8.602849523447254,53.54876685243221,1.0
860,8.602849523447254,53.54876685243221,1.0
861,8.602849523447254,53.54876685243221,1.0
862,8.602849523447254,53.54876685243221,1.0
863,8.602849523447254,53.54876685243221,1.0
864,8.602849523447254,53.54876685243221,1.0
865,8.602849523447254,53.54876685243221,1.0
866,8.602849523447254,53.54876685243221,1.0
867,8.602849523447254,53.54876685243221,1.0
868,8.602849523447254,53.54876685243221,1.0
869,8.602849523447254,53.54876685243221,1.0
870,8.602849523447254,53.54876685243221,1.0
871,8.602849523447254,53.54876685243221,1.0
872,8.602849523447254,53.54876685243221,1.0
873,8.602849523447254,53.54876685243221,1.0
874,8.602849523447254,53.54876685243221,1.0
875,8.602849523447254,53.54876685243221,1.0
876,8.602849523447254,53.54876685243221,1.0
877,8.602849523447254,53.54876685243221,1.0
878,8.602849523447254,53.54876685243221,1.0
879,8.602849523447254,53.54876685243221,1.0
880,8.602849523447254,53.54876685243221,1.0
881,8.602849523447254,53.54876685243221,1.0
882,8.602849523447254,53.54876685243221,1.0
883,8.602849523447254,53.54876685243221,1.0
884,8.602849523447254,53.54876685243221,1.0
885,8.602849523447254,53.54876685243221,1.0
886,8.602849523447254,53.54876685243221,1.0
887,8.602849523447254,53.54876685243221,1.0
888,8.602849523447254,53.54876685243221,1.0
889,8.602849523447254,53.54876685243221,1.0
890,8.602849523447254,53.54876685243221,1.0
891,8.602849523447254,53.54876685243221,1.0
892,8.602849523447254,53.54876685243221,1.0
893,8.602849523447254,53.54876685243221,1.0
894,8.602849523447254,53.54876685243221,1.0
895,8.602849523447254,53.54876685243221,1.0
896,8.602849523447254,53.54876685243221,1.0
897,8.602849523447254,53.54876685243221,1.0
898,8.602849523447254,53.54876685243221,1.0
899,8.602849523447254,53.54876685243221,1.0
900,8.602849523447254,53.54876685243221,1.0
901,8.602849523447254,53.54876685243221,1.0
902,8.602849523447254,53.54876685243221,1.0
903,8.602849523447254,53.54876685243221,1.0
904,8.602849523447254,53.54876685243221,1.0
905,8.602849523447254,53.54876685243221,1.0
906,8.602849523447254,53.54876685243221,1.0
907,8.602849523447254,53.54876685243221,1.0
908,8.602849523447254,53.54876685243221,1.0
909,8.602849523447254,53.54876685243221,1.0
910,8.602849523447254,53.54876685243221,1.0
911,8.602849523447254,53.54876685243221,1.0
912,8.602849523447254,53.54876685243221,1.0
913,8.602849523447254,53.54876685243221,1.0
914,8.602849523447254,53.54876685243221,1.0
915,8.602849523447254,53.54876685243221,1.0
916,8.602849523447254,53.54876685243221,1.0
917,8.602849523447254,53.54876685243221,1.0
918,8.602849523447254,53.54876685243221,1.0
919,8.602849523447254,53.54876685243221,1.0
920,8.602849523447254,53.54876685243221,1.0
921,8.602849523447254,53.54876685243221,1.0
922,8.602849523447254,53.54876685243221,1.0
923,8.602849523447254,53.54876685243221,1.0
924,8.602849523447254,53.54876685243221,1.0
925,8.602849523447254,53.54876685243221,1.0
926,8.602849523447254,53.54876685243221,1.0
927,8.602849523447254,53.54876685243221,1.0
928,8.602849523447254,53.54876685243221,1.0
929,8.602849523447254,53.54876685243221,1.0
930,8.602849523447254,53.54876685243221,1.0
931,8.602849523447254,53.54876685243221,1.0
932,8.602849523447254,53.54876685243221,1.0
933,8.602849523447254,53.54876685243221,1.0
934,8.602849523447254,53.54876685243221,1.0
935,8.602849523447254,53.54876685243221,1.0
936,8.602849523447254,53.54876685243221,1.0
937,8.602849523447254,53.54876685243221,1.0
938,8.602849523447254,53.54876685243221,1.0
939,8.602849523447254,53.54876685243221,1.0
940,8.602849523447254,53.54876685243221,1.0
941,8.602849523447254,53.54876685243221,1.0
942,8.602849523447254,53.54876685243221,1.0
943,8.602849523447254,53.54876685243221,1.0
944,8.602849523447254,53.54876685243221,1.0
945,8.602849523447254,53.54876685243221,1.0
946,8.602849523447254,53.54876685243221,1.0
947,8.602849523447254,53.54876685243221,1.0
948,8.602849523447254,53.54876685243221,1.0
949,8.602849523447254,53.54876685243221,1.0
950,8.602849523447254,53.54876685243221,1.0
951,8.602849523447254,53.54876685243221,1.0
952,8.602849523447254,53.54876685243221,1.0
953,8.602849523447254,53.54876685243221,1.0
954,8.602849523447254,53.54876685243221,1.0
955,8.602849523447254,53.54876685243221,1.0
956,8.602849523447254,53.54876685243221,1.0
957,8.602849523447254,53.54876685243221,1.0
958,8.602849523447254,53.54876685243221,1.0
959,8.602849523447254,53.54876685243221,1.0
960,8.602849523447254,53.54876685243221,1.0
961,8.602849523447254,53.54876685243221,1.0
962,8.602849523447254,53.54876685243221,1.0
963,8.602849523447254,53.54876685243221,1.0
964,8.602849523447254,53.54876685243221,1.0
965,8.602849523447254,53.54876685243221,1.0
966,8.602849523447254,53.54876685243221,1.0
967,8.602849523447254,53.54876685243221,1.0
968,8.602849523447254,53.54876685243221,1.0
969,8.602849523447254,53.54876685243221,1.0
970,8.602849523447254,53.54876685243221,1.0
971,8.602849523447254,53.54876685243221,1.0
972,8.602849523447254,53.54876685243221,1.0
973,8.602849523447254,53.54876685243221,1.0
974,8.602849523447254,53.54876685243221,1.0
975,8.602849523447254,53.54876685243221,1.0
976,8.602849523447254,53.54876685243221,1.0
977,8.602849523447254,53.54876685243221,1.0
978,8.602849523447254,53.54876685243221,1.0
979,8.602849523447254,53.54876685243221,1.0
980,8.602849523447254,53.54876685243221,1.0
981,8.602849523447254,53.54876685243221,1.0
982,8.602849523447254,53.54876685243221,1.0
983,8.602849523447254,53.54876685243221,1.0
984,8.602849523447254,53.54876685243221,1.0
985,8.602849523447254,53.54876685243221,1.0
986,8.602849523447254,53.54876685243221,1.0
987,8.602849523447254,53.54876685243221,1.0
988,8.602849523447254,53.54876685243221,1.0
989,8.602849523447254,53.54876685243221,1.0
990,8.602849523447254,53.54876685243221,1.0
991,8.602849523447254,53.54876685243221,1.0
992,8.602849523447254,53.54876685243221,1.0
993,8.602849523447254,53.54876685243221,1.0
994,8.602849523447254,53.54876685243221,1.0
995,8.602849523447254,53.54876685243221,1.0
996,8.602849523447254,53.54876685243221,1.0
997,8.602849523447254,53.54876685243221,1.0
998,8.602849523447254,53.54876685243221,1.0
999,8.602849523447254,53.54876685243221,1.0
1000,8.602849523447254,53.54876685243221,1.0
1001,8.602849523447254,53.54876685243221,1.0
1002,8.602849523447254,53.54876685243221,1.0
1003,8.602849523447254,53.54876685243221,1.0
1004,8.602849523447254,53.54876685243221,1.0
1005,8.602849523447254,53.54876685243221,1.0
1006,8.602849523447254,53.54876685243221,1.0
1007,8.602849523447254,53.54876685243221,1.0
1008,8.602849523447254,53.54876685243221,1.0
1009,8.602849523447254,53.54876685243221,1.0
1010,8.602849523447254,53.54876685243221,1.0
1011,8.602849523447254,53.54876685243221,1.0
1012,8.602849523447254,53.54876685243221,1.0
1013,8.602849523447254,53.54876685243221,1.0
1014,8.602849523447254,53.54876685243221,1.0
1015,8.602849523447254,53.54876685243221,1.0
1016,8.602849523447254,53.54876685243221,1.0
1017,8.602849523447254,53.54876685243221,1.0
1018,8.602849523447254,53.54876685243221,1.0
1019,8.602849523447254,53.54876685243221,1.0
1020,8.602849523447254,53.54876685243221,1.0
1021,8.602849523447254,53.54876685243221,1.0
1022,8.602849523447254,53.54876685243221,1.0
1023,8.602849523447254,53.54876685243221,1.0
1024,8.602849523447254,53.54876685243221,1.0
1025,8.602849523447254,53.54876685243221,1.0
1026,8.602849523447254,53.54876685243221,1.0
1027,8.602849523447254,53.54876685243221,1.0
1028,8.602849523447254,53.54876685243221,1.0
1029,8.602849523447254,53.54876685243221,1.0
1030,8.602849523447254,53.54876685243221,1.0
1031,8.602849523447254,53.54876685243221,1.0
1032,8.602849523447254,53.54876685243221,1.0
1033,8.602849523447254,53.54876685243221,1.0
1034,8.602849523447254,53.54876685243221,1.0
1035,8.602849523447254,53.54876685243221,1.0
1036,8.602849523447254,53.54876685243221,1.0
1037,8.602849523447254,53.54876685243221,1.0
1038,8.602849523447254,53.54876685243221,1.0
1039,8.602849523447254,53.54876685243221,1.0
1040,8.602849523447254,53.54876685243221,1.0
1041,8.602849523447254,53.54876685243221,1.0
1042,8.602849523447254,53.54876685243221,1.0
1043,8.602849523447254,53.54876685243221,1.0
1044,8.602849523447254,53.54876685243221,1.0
1045,8.602849523447254,53.54876685243221,1.0
1046,8.602849523447254,53.54876685243221,1.0
1047,8.602849523447254,53.54876685243221,1.0
1048,8.602849523447254,53.54876685243221,1.0
1049,8.602849523447254,53.54876685243221,1.0
1050,8.602849523447254,53.54876685243221,1.0
1051,8.602849523447254,53.54876685243221,1.0
1052,8.602849523447254,53.54876685243221,1.0
1053,8.602849523447254,53.54876685243221,1.0
1054,8.602849523447254,53.54876685243221,1.0
1055,8.602849523447254,53.54876685243221,1.0
1056,8.602849523447254,53.54876685243221,1.0
1057,8.602849523447254,53.54876685243221,1.0
1058,8.602849523447254,53.54876685243221,1.0
1059,8.602849523447254,53.54876685243221,1.0
1060,8.602849523447254,53.54876685243221,1.0
1061,8.602849523447254,53.54876685243221,1.0
1062,8.602849523447254,53.54876685243221,1.0
1063,8.602849523447254,53.54876685243221,1.0
1064,8.602849523447254,53.54876685243221,1.0
1065,8.602849523447254,53.54876685243221,1.0
1066,8.602849523447254,53.54876685243221,1.0
1067,8.602849523447254,53.54876685243221,1.0
1068,8.602849523447254,53.54876685243221,1.0
1069,8.602849523447254,53.54876685243221,1.0
1070,8.602849523447254,53.54876685243221,1.0
1071,8.602849523447254,53.54876685243221,1.0
1072,8.602849523447254,53.54876685243221,1.0
1073,8.602849523447254,53.54876685243221,1.0
1074,8.602849523447254,53.54876685243221,1.0
1075,8.602849523447254,53.54876685243221,1.0
1076,8.602849523447254,53.54876685243221,1.0
1077,8.602849523447254,53.54876685243221,1.0
1078,8.602849523447254,53.54876685243221,1.0
1079,8.602849523447254,53.54876685243221,1.0
1080,8.602849523447254,53.54876685243221,1.0
1081,8.602849523447254,53.54876685243221,1.0
1082,8.602849523447254,53.54876685243221,1.0
1083,8.602849523447254,53.54876685243221,1.0
1084,8.602849523447254,53.54876685243221,1.0
1085,8.602849523447254,53.54876685243221,1.0
1086,8.602849523447254,53.54876685243221,1.0
1087,8.602849523447254,53.54876685243221,1.0
1088,8.602849523447254,53.54876685243221,1.0
1089,8.602849523447254,53.54876685243221,1.0
1090,8.602849523447254,53.54876685243221,1.0
1091,8.602849523447254,53.54876685243221,1.0
1092,8.602849523447254,53.54876685243221,1.0
1093,8.602849523447254,53.54876685243221,1.0
1094,8.602849523447254,53.54876685243221,1.0
1095,8.602849523447254,53.54876685243221,1.0
1096,8.602849523447254,53.54876685243221,1.0
1097,8.602849523447254,53.54876685243221,1.0
1098,8.602849523447254,53.54876685243221,1.0
1099,8.602849523447254,53.54876685243221,1.0
1100,8.602849523447254,53.54876685243221,1.0
1101,8.602849523447254,53.54876685243221,1.0
1102,8.602849523447254,53.54876685243221,1.0
1103,8.602849523447254,53.54876685243221,1.0
1104,8.602849523447254,53.54876685243221,1.0
1105,8.602849523447254,53.54876685243221,1.0
1106,8.602849523447254,53.54876685243221,1.0
1107,8.602849523447254,53.54876685243221,1.0
1108,8.602849523447254,53.54876685243221,1.0
1109,8.602849523447254,53.54876685243221,1.0
1110,8.602849523447254,53.54876685243221,1.0
1111,8.602849523447254,53.54876685243221,1.0
1112,8.602849523447254,53.54876685243221,1.0
1113,8.602849523447254,53.54876685243221,1.0
1114,8.602849523447254,53.54876685243221,1.0
1115,8.602849523447254,53.54876685243221,1.0
1116,8.602849523447254,53.54876685243221,1.0
1117,8.602849523447254,53.54876685243221,1.0
1118,8.602849523447254,53.54876685243221,1.0
1119,8.602849523447254,53.54876685243221,1.0
1120,8.602849523447254,53.54876685243221,1.0
1121,8.602849523447254,53.54876685243221,1.0
1122,8.602849523447254,53.54876685243221,1.0
1123,8.602849523447254,53.54876685243221,1.0
1124,8.602849523447254,53.54876685243221,1.0
1125,8.602849523447254,53.54876685243221,1.0
1126,8.602849523447254,53.54876685243221,1.0
1127,8.602849523447254,53.54876685243221,1.0
1128,8.602849523447254,53.54876685243221,1.0
1129,8.602849523447254,53.54876685243221,1.0
1130,8.602849523447254,53.54876685243221,1.0
1131,8.602849523447254,53.54876685243221,1.0
1132,8.602849523447254,53.54876685243221,1.0
1133,8.602849523447254,53.54876685243221,1.0
1134,8.602849523447254,53.54876685243221,1.0
1135,8.602849523447254,53.54876685243221,1.0
1136,8.602849523447254,53.54876685243221,1.0
1137,8.602849523447254,53.54876685243221,1.0
1138,8.602849523447254,53.54876685243221,1.0
1139,8.602849523447254,53.54876685243221,1.0
1140,8.602849523447254,53.54876685243221,1.0
1141,8.602849523447254,53.54876685243221,1.0
1142,8.602849523447254,53.54876685243221,1.0
1143,8.602849523447254,53.54876685243221,1.0
1144,8.602849523447254,53.54876685243221,1.0
1145,8.602849523447254,53.54876685243221,1.0
1146,8.602849523447254,53.54876685243221,1.0
1147,8.602849523447254,53.54876685243221,1.0
1148,8.602849523447254,53.54876685243221,1.0
1149,8.602849523447254,53.54876685243221,1.0
1150,8.602849523447254,53.54876685243221,1.0
1151,8.602849523447254,53.54876685243221,1.0
1152,8.602849523447254,53.54876685243221,1.0
1153,8.602849523447254,53.54876685243221,1.0
1154,8.602849523447254,53.54876685243221,1.0
1155,8.602849523447254,53.54876685243221,1.0
1156,8.602849523447254,53.54876685243221,1.0
1157,8.602849523447254,53.54876685243221,1.0
1158,8.602849523447254,53.54876685243221,1.0
1159,8.602849523447254,53.54876685243221,1.0
1160,8.602849523447254,53.54876685243221,1.0
1161,8.602849523447254,53.54876685243221,1.0
1162,8.602849523447254,53.54876685243221,1.0
1163,8.602849523447254,53.54876685243221,1.0
1164,8.602849523447254,53.54876685243221,1.0
1165,8.602849523447254,53.54876685243221,1.0
1166,8.602849523447254,53.54876685243221,1.0
1167,8.602849523447254,53.54876685243221,1.0
1168,8.602849523447254,53.54876685243221,1.0
1169,8.602849523447254,53.54876685243221,1.0
1170,8.602849523447254,53.54876685243221,1.0
1171,8.602849523447254,53.54876685243221,1.0
1172,8.602849523447254,53.54876685243221,1.0
1173,8.602849523447254,53.54876685243221,1.0
1174,8.602849523447254,53.54876685243221,1.0
1175,8.602849523447254,53.54876685243221,1.0
1176,8.602849523447254,53.54876685243221,1.0
1177,8.602849523447254,53.54876685243221,1.0
1178,8.602849523447254,53.54876685243221,1.0
1179,8.602849523447254,53.54876685243221,1.0
1180,8.602849523447254,53.54876685243221,1.0
1181,8.602849523447254,53.54876685243221,1.0
1182,8.602849523447254,53.54876685243221,1.0
1183,8.602849523447254,53.54876685243221,1.0
1184,8.602849523447254,53.54876685243221,1.0
1185,8.602849523447254,53.54876685243221,1.0
1186,8.602849523447254,53.54876685243221,1.0
1187,8.602849523447254,53.54876685243221,1.0
1188,8.602849523447254,53.54876685243221,1.0
1189,8.602849523447254,53.54876685243221,1.0
1190,8.602849523447254,53.54876685243221,1.0
1191,8.602849523447254,53.54876685243221,1.0
1192,8.602849523447254,53.54876685243221,1.0
1193,8.602849523447254,53.54876685243221,1.0
1194,8.602849523447254,53.54876685243221,1.0
1195,8.602849523447254,53.54876685243221,1.0
1196,8.602849523447254,53.54876685243221,1.0
1197,8.602849523447254,53.54876685243221,1.0
1198,8.602849523447254,53.54876685243221,1.0
1199,8.602849523447254,53.54876685243221,1.0
1200,8.602849523447254,53.54876685243221,1.0
1201,8.602849523447254,53.54876685243221,1.0
1202,8.602849523447254,53.54876685243221,1.0
1203,8.602849523447254,53.54876685243221,1.0
1204,8.602849523447254,53.54876685243221,1.0
1205,8.602849523447254,53.54876685243221,1.0
1206,8.602849523447254,53.54876685243221,1.0
1207,8.602849523447254,53.54876685243221,1.0
1208,8.602849523447254,53.54876685243221,1.0
1209,8.602849523447254,53.54876685243221,1.0
1210,8.602849523447254,53.54876685243221,1.0
1211,8.602849523447254,53.54876685243221,1.0
1212,8.602849523447254,53.54876685243221,1.0
1213,8.602849523447254,53.54876685243221,1.0
1214,8.602849523447254,53.54876685243221,1.0
1215,8.602849523447254,53.54876685243221,1.0
1216,8.602849523447254,53.54876685243221,1.0
1217,8.602849523447254,53.54876685243221,1.0
1218,8.602849523447254,53.54876685243221,1.0
1219,8.602849523447254,53.54876685243221,1.0
1220,8.602849523447254,53.54876685243221,1.0
1221,8.602849523447254,53.54876685243221,1.0
1222,8.602849523447254,53.54876685243221,1.0
1223,8.602849523447254,53.54876685243221,1.0
1224,8.602849523447254,53.54876685243221,1.0
1225,8.602849523447254,53.54876685243221,1.0
1226,8.602849523447254,53.54876685243221,1.0
1227,8.602849523447254,53.54876685243221,1.0
1228,8.602849523447254,53.54876685243221,1.0
1229,8.602849523447254,53.54876685243221,1.0
1230,8.602849523447254,53.54876685243221,1.0
1231,8.602849523447254,53.54876685243221,1.0
1232,8.602849523447254,53.54876685243221,1.0
1233,8.602849523447254,53.54876685243221,1.0
1234,8.602849523447254,53.54876685243221,1.0
1235,8.602849523447254,53.54876685243221,1.0
1236,8.602849523447254,53.54876685243221,1.0
1237,8.602849523447254,53.54876685243221,1.0
1238,8.602849523447254,53.54876685243221,1.0
1239,8.602849523447254,53.54876685243221,1.0
1240,8.602849523447254,53.54876685243221,1.0
1241,8.602849523447254,53.54876685243221,1.0
1242,8.602849523447254,53.54876685243221,1.0
1243,8.602849523447254,53.54876685243221,1.0
1244,8.602849523447254,53.54876685243221,1.0
1245,8.602849523447254,53.54876685243221,1.0
1246,8.602849523447254,53.54876685243221,1.0
1247,8.602849523447254,53.54876685243221,1.0
1248,8.602849523447254,53.54876685243221,1.0
1249,8.602849523447254,53.54876685243221,1.0
1250,8.602849523447254,53.54876685243221,1.0
1251,8.602849523447254,53.54876685243221,1.0
1252,8.602849523447254,53.54876685243221,1.0
1253,8.602849523447254,53.54876685243221,1.0
1254,8.602849523447254,53.54876685243221,1.0
1255,8.602849523447254,53.54876685243221,1.0
1256,8.602849523447254,53.54876685243221,1.0
1257,8.602849523447254,53.54876685243221,1.0
1258,8.602849523447254,53.54876685243221,1.0
1259,8.602849523447254,53.54876685243221,1.0
1260,8.602849523447254,53.54876685243221,1.0
1261,8.602849523447254,53.54876685243221,1.0
1262,8.602849523447254,53.54876685243221,1.0
1263,8.602849523447254,53.54876685243221,1.0
1264,8.602849523447254,53.54876685243221,1.0
1265,8.602849523447254,53.54876685243221,1.0
1266,8.602849523447254,53.54876685243221,1.0
1267,8.602849523447254,53.54876685243221,1.0
1268,8.602849523447254,53.54876685243221,1.0
1269,8.602849523447254,53.54876685243221,1.0
1270,8.602849523447254,53.54876685243221,1.0
1271,8.602849523447254,53.54876685243221,1.0
1272,8.602849523447254,53.54876685243221,1.0
1273,8.602849523447254,53.54876685243221,1.0
1274,8.602849523447254,53.54876685243221,1.0
1275,8.602849523447254,53.54876685243221,1.0
1276,8.602849523447254,53.54876685243221,1.0
1277,8.602849523447254,53.54876685243221,1.0
1278,8.602849523447254,53.54876685243221,1.0
1279,8.602849523447254,53.54876685243221,1.0
1280,8.602849523447254,53.54876685243221,1.0
1281,8.602849523447254,53.54876685243221,1.0
1282,8.602849523447254,53.54876685243221,1.0
1283,8.602849523447254,53.54876685243221,1.0
1284,8.602849523447254,53.54876685243221,1.0
1285,8.602849523447254,53.54876685243221,1.0
1286,8.602849523447254,53.54876685243221,1.0
1287,8.602849523447254,53.54876685243221,1.0
1288,8.602849523447254,53.54876685243221,1.0
1289,8.602849523447254,53.54876685243221,1.0
1290,8.602849523447254,53.54876685243221,1.0
1291,8.602849523447254,53.54876685243221,1.0
1292,8.602849523447254,53.54876685243221,1.0
1293,8.602849523447254,53.54876685243221,1.0
1294,8.602849523447254,53.54876685243221,1.0
1295,8.602849523447254,53.54876685243221,1.0
1296,8.602849523447254,53.54876685243221,1.0
1297,8.602849523447254,53.54876685243221,1.0
1298,8.602849523447254,53.54876685243221,1.0
1299,8.602849523447254,53.54876685243221,1.0
1300,8.602849523447254,53.54876685243221,1.0
1301,8.602849523447254,53.54876685243221,1.0
1302,8.602849523447254,53.54876685243221,1.0
1303,8.602849523447254,53.54876685243221,1.0
1304,8.602849523447254,53.54876685243221,1.0
1305,8.602849523447254,53.54876685243221,1.0
1306,8.602849523447254,53.54876685243221,1.0
1307,8.602849523447254,53.54876685243221,1.0
1308,8.602849523447254,53.54876685243221,1.0
1309,8.602849523447254,53.54876685243221,1.0
1310,8.602849523447254,53.54876685243221,1.0
1311,8.602849523447254,53.54876685243221,1.0
1312,8.602849523447254,53.54876685243221,1.0
1313,8.602849523447254,53.54876685243221,1.0
1314,8.602849523447254,53.54876685243221,1.0
1315,8.602849523447254,53.54876685243221,1.0
1316,8.602849523447254,53.54876685243221,1.0
1317,8.602849523447254,53.54876685243221,1.0
1318,8.602849523447254,53.54876685243221,1.0
1319,8.602849523447254,53.54876685243221,1.0
1320,8.602849523447254,53.54876685243221,1.0
1321,8.602849523447254,53.54876685243221,1.0
1322,8.602849523447254,53.54876685243221,1.0
1323,8.602849523447254,53.54876685243221,1.0
1324,8.602849523447254,53.54876685243221,1.0
1325,8.602849523447254,53.54876685243221,1.0
1326,8.602849523447254,53.54876685243221,1.0
1327,8.602849523447254,53.54876685243221,1.0
1328,8.602849523447254,53.54876685243221,1.0
1329,8.602849523447254,53.54876685243221,1.0
1330,8.602849523447254,53.54876685243221,1.0
1331,8.602849523447254,53.54876685243221,1.0
1332,8.602849523447254,53.54876685243221,1.0
1333,8.602849523447254,53.54876685243221,1.0
1334,8.602849523447254,53.54876685243221,1.0
1335,8.602849523447254,53.54876685243221,1.0
1336,8.602849523447254,53.54876685243221,1.0
1337,8.602849523447254,53.54876685243221,1.0
1338,8.602849523447254,53.54876685243221,1.0
1339,8.602849523447254,53.54876685243221,1.0
1340,8.602849523447254,53.54876685243221,1.0
1341,8.602849523447254,53.54876685243221,1.0
1342,8.602849523447254,53.54876685243221,1.0
1343,8.602849523447254,53.54876685243221,1.0
1344,8.602849523447254,53.54876685243221,1.0
1345,8.602849523447254,53.54876685243221,1.0
1346,8.602849523447254,53.54876685243221,1.0
1347,8.602849523447254,53.54876685243221,1.0
1348,8.602849523447254,53.54876685243221,1.0
1349,8.602849523447254,53.54876685243221,1.0
1350,8.602849523447254,53.54876685243221,1.0
1351,8.602849523447254,53.54876685243221,1.0
1352,8.602849523447254,53.54876685243221,1.0
1353,8.602849523447254,53.54876685243221,1.0
1354,8.602849523447254,53.54876685243221,1.0
1355,8.602849523447254,53.54876685243221,1.0
1356,8.602849523447254,53.54876685243221,1.0
1357,8.602849523447254,53.54876685243221,1.0
1358,8.602849523447254,53.54876685243221,1.0
1359,8.602849523447254,53.54876685243221,1.0
1360,8.602849523447254,53.54876685243221,1.0
1361,8.602849523447254,53.54876685243221,1.0
1362,8.602849523447254,53.54876685243221,1.0
1363,8.602849523447254,53.54876685243221,1.0
1364,8.602849523447254,53.54876685243221,1.0
1365,8.602849523447254,53.54876685243221,1.0
1366,8.602849523447254,53.54876685243221,1.0
1367,8.602849523447254,53.54876685243221,1.0
1368,8.602849523447254,53.54876685243221,1.0
1369,8.602849523447254,53.54876685243221,1.0
1370,8.602849523447254,53.54876685243221,1.0
1371,8.602849523447254,53.54876685243221,1.0
1372,8.602849523447254,53.54876685243221,1.0
1373,8.602849523447254,53.54876685243221,1.0
1374,8.602849523447254,53.54876685243221,1.0
1375,8.602849523447254,53.54876685243221,1.0
1376,8.602849523447254,53.54876685243221,1.0
1377,8.602849523447254,53.54876685243221,1.0
1378,8.602849523447254,53.54876685243221,1.0
1379,8.602849523447254,53.54876685243221,1.0
1380,8.602849523447254,53.54876685243221,1.0
1381,8.602849523447254,53.54876685243221,1.0
1382,8.602849523447254,53.54876685243221,1.0
1383,8.602849523447254,53.54876685243221,1.0
1384,8.602849523447254,53.54876685243221,1.0
1385,8.602849523447254,53.54876685243221,1.0
1386,8.602849523447254,53.54876685243221,1.0
1387,8.602849523447254,53.54876685243221,1.0
1388,8.602849523447254,53.54876685243221,1.0
1389,8.602849523447254,53.54876685243221,1.0
1390,8.602849523447254,53.54876685243221,1.0
1391,8.602849523447254,53.54876685243221,1.0
1392,8.602849523447254,53.54876685243221,1.0
1393,8.602849523447254,53.54876685243221,1.0
1394,8.602849523447254,53.54876685243221,1.0
1395,8.602849523447254,53.54876685243221,1.0
1396,8.602849523447254,53.54876685243221,1.0
1397,8.602849523447254,53.54876685243221,1.0
1398,8.602849523447254,53.54876685243221,1.0
1399,8.602849523447254,53.54876685243221,1.0
1400,8.602849523447254,53.54876685243221,1.0
1401,8.602849523447254,53.54876685243221,1.0
1402,8.602849523447254,53.54876685243221,1.0
1403,8.602849523447254,53.54876685243221,1.0
1404,8.602849523447254,53.54876685243221,1.0
1405,8.602849523447254,53.54876685243221,1.0
1406,8.602849523447254,53.54876685243221,1.0
1407,8.602849523447254,53.54876685243221,1.0
1408,8.602849523447254,53.54876685243221,1.0
1409,8.602849523447254,53.54876685243221,1.0
1410,8.602849523447254,53.54876685243221,1.0
1411,8.602849523447254,53.54876685243221,1.0
1412,8.602849523447254,53.54876685243221,1.0
1413,8.602849523447254,53.54876685243221,1.0
1414,8.602849523447254,53.54876685243221,1.0
1415,8.602849523447254,53.54876685243221,1.0
1416,8.602849523447254,53.54876685243221,1.0
1417,8.602849523447254,53.54876685243221,1.0
1418,8.602849523447254,53.54876685243221,1.0
1419,8.602849523447254,53.54876685243221,1.0
1420,8.602849523447254,53.54876685243221,1.0
1421,8.602849523447254,53.54876685243221,1.0
1422,8.602849523447254,53.54876685243221,1.0
1423,8.602849523447254,53.54876685243221,1.0
1424,8.602849523447254,53.54876685243221,1.0
1425,8.602849523447254,53.54876685243221,1.0
1426,8.602849523447254,53.54876685243221,1.0
1427,8.602849523447254,53.54876685243221,1.0
1428,8.602849523447254,53.54876685243221,1.0
1429,8.602849523447254,53.54876685243221,1.0
1430,8.602849523447254,53.54876685243221,1.0
1431,8.602849523447254,53.54876685243221,1.0
1432,8.602849523447254,53.54876685243221,1.0
1433,8.602849523447254,53.54876685243221,1.0
1434,8.602849523447254,53.54876685243221,1.0
1435,8.602849523447254,53.54876685243221,1.0
1436,8.602849523447254,53.54876685243221,1.0
1437,8.602849523447254,53.54876685243221,1.0
1438,8.602849523447254,53.54876685243221,1.0
1439,8.602849523447254,53.54876685243221,1.0
1440,8.602849523447254,53.54876685243221,1.0
1441,8.602849523447254,53.54876685243221,1.0
1442,8.602849523447254,53.54876685243221,1.0
1443,8.602849523447254,53.54876685243221,1.0
1444,8.602849523447254,53.54876685243221,1.0
1445,8.602849523447254,53.54876685243221,1.0
1446,8.602849523447254,53.54876685243221,1.0
1447,8.602849523447254,53.54876685243221,1.0
1448,8.602849523447254,53.54876685243221,1.0
1449,8.602849523447254,53.54876685243221,1.0
1450,8.602849523447254,53.54876685243221,1.0
1451,8.602849523447254,53.54876685243221,1.0
1452,8.602849523447254,53.54876685243221,1.0
1453,8.602849523447254,53.54876685243221,1.0
1454,8.602849523447254,53.54876685243221,1.0
1455,8.602849523447254,53.54876685243221,1.0
1456,8.602849523447254,53.54876685243221,1.0
1457,8.602849523447254,53.54876685243221,1.0
1458,8.602849523447254,53.54876685243221,1.0
1459,8.602849523447254,53.54876685243221,1.0
1460,8.602849523447254,53.54876685243221,1.0
1461,8.602849523447254,53.54876685243221,1.0
1462,8.602849523447254,53.54876685243221,1.0
1463,8.602849523447254,53.54876685243221,1.0
1464,8.602849523447254,53.54876685243221,1.0
1465,8.602849523447254,53.54876685243221,1.0
1466,8.602849523447254,53.54876685243221,1.0
1467,8.602849523447254,53.54876685243221,1.0
1468,8.602849523447254,53.54876685243221,1.0
1469,8.602849523447254,53.54876685243221,1.0
1470,8.602849523447254,53.54876685243221,1.0
1471,8.602849523447254,53.54876685243221,1.0
1472,8.602849523447254,53.54876685243221,1.0
1473,8.602849523447254,53.54876685243221,1.0
1474,8.602849523447254,53.54876685243221,1.0
1475,8.602849523447254,53.54876685243221,1.0
1476,8.602849523447254,53.54876685243221,1.0
1477,8.602849523447254,53.54876685243221,1.0
1478,8.602849523447254,53.54876685243221,1.0
1479,8.602849523447254,53.54876685243221,1.0
1480,8.602849523447254,53.54876685243221,1.0
1481,8.602849523447254,53.54876685243221,1.0
1482,8.602849523447254,53.54876685243221,1.0
1483,8.602849523447254,53.54876685243221,1.0
1484,8.602849523447254,53.54876685243221,1.0
1485,8.602849523447254,53.54876685243221,1.0
1486,8.602849523447254,53.54876685243221,1.0
1487,8.602849523447254,53.54876685243221,1.0
1488,8.602849523447254,53.54876685243221,1.0
1489,8.602849523447254,53.54876685243221,1.0
1490,8.602849523447254,53.54876685243221,1.0
1491,8.602849523447254,53.54876685243221,1.0
1492,8.602849523447254,53.54876685243221,1.0
1493,8.602849523447254,53.54876685243221,1.0
1494,8.602849523447254,53.54876685243221,1.0
1495,8.602849523447254,53.54876685243221,1.0
1496,8.602849523447254,53.54876685243221,1.0
1497,8.602849523447254,53.54876685243221,1.0
1498,8.602849523447254,53.54876685243221,1.0
1499,8.602849523447254,53.54876685243221,1.0
1500,8.602849523447254,53.54876685243221,1.0
1501,8.602849523447254,53.54876685243221,1.0
1502,8.602849523447254,53.54876685243221,1.0
1503,8.602849523447254,53.54876685243221,1.0
1504,8.602849523447254,53.54876685243221,1.0
1505,8.602849523447254,53.54876685243221,1.0
1506,8.602849523447254,53.54876685243221,1.0
1507,8.602849523447254,53.54876685243221,1.0
1508,8.602849523447254,53.54876685243221,1.0
1509,8.602849523447254,53.54876685243221,1.0
1510,8.602849523447254,53.54876685243221,1.0
1511,8.602849523447254,53.54876685243221,1.0
1512,8.602849523447254,53.54876685243221,1.0
1513,8.602849523447254,53.54876685243221,1.0
1514,8.602849523447254,53.54876685243221,1.0
1515,8.602849523447254,53.54876685243221,1.0
1516,8.602849523447254,53.54876685243221,1.0
1517,8.602849523447254,53.54876685243221,1.0
1518,8.602849523447254,53.54876685243221,1.0
1519,8.602849523447254,53.54876685243221,1.0
1520,8.602849523447254,53.54876685243221,1.0
1521,8.602849523447254,53.54876685243221,1.0
1522,8.602849523447254,53.54876685243221,1.0
1523,8.602849523447254,53.54876685243221,1.0
1524,8.602849523447254,53.54876685243221,1.0
1525,8.602849523447254,53.54876685243221,1.0
1526,8.602849523447254,53.54876685243221,1.0
1527,8.602849523447254,53.54876685243221,1.0
1528,8.602849523447254,53.54876685243221,1.0
1529,8.602849523447254,53.54876685243221,1.0
1530,8.602849523447254,53.54876685243221,1.0
1531,8.602849523447254,53.54876685243221,1.0
1532,8.602849523447254,53.54876685243221,1.0
1533,8.602849523447254,53.54876685243221,1.0
1534,8.602849523447254,53.54876685243221,1.0
1535,8.602849523447254,53.54876685243221,1.0
1536,8.602849523447254,53.54876685243221,1.0
1537,8.602849523447254,53.54876685243221,1.0
1538,8.602849523447254,53.54876685243221,1.0
1539,8.602849523447254,53.54876685243221,1.0
1540,8.602849523447254,53.54876685243221,1.0
1541,8.602849523447254,53.54876685243221,1.0
1542,8.602849523447254,53.54876685243221,1.0
1543,8.602849523447254,53.54876685243221,1.0
1544,8.602849523447254,53.54876685243221,1.0
1545,8.602849523447254,53.54876685243221,1.0
1546,8.602849523447254,53.54876685243221,1.0
1547,8.602849523447254,53.54876685243221,1.0
1548,8.602849523447254,53.54876685243221,1.0
1549,8.602849523447254,53.54876685243221,1.0
1550,8.602849523447254,53.54876685243221,1.0
1551,8.602849523447254,53.54876685243221,1.0
1552,8.602849523447254,53.54876685243221,1.0
1553,8.602849523447254,53.54876685243221,1.0
1554,8.602849523447254,53.54876685243221,1.0
1555,8.602849523447254,53.54876685243221,1.0
1556,8.602849523447254,53.54876685243221,1.0
1557,8.602849523447254,53.54876685243221,1.0
1558,8.602849523447254,53.54876685243221,1.0
1559,8.602849523447254,53.54876685243221,1.0
1560,8.602849523447254,53.54876685243221,1.0
1561,8.602849523447254,53.54876685243221,1.0
1562,8.602849523447254,53.54876685243221,1.0
1563,8.602849523447254,53.54876685243221,1.0
1564,8.602849523447254,53.54876685243221,1.0
1565,8.602849523447254,53.54876685243221,1.0
1566,8.602849523447254,53.54876685243221,1.0
1567,8.602849523447254,53.54876685243221,1.0
1568,8.602849523447254,53.54876685243221,1.0
1569,8.602849523447254,53.54876685243221,1.0
1570,8.602849523447254,53.54876685243221,1.0
1571,8.602849523447254,53.54876685243221,1.0
1572,8.602849523447254,53.54876685243221,1.0
1573,8.602849523447254,53.54876685243221,1.0
1574,8.602849523447254,53.54876685243221,1.0
1575,8.602849523447254,53.54876685243221,1.0
1576,8.602849523447254,53.54876685243221,1.0
1577,8.602849523447254,53.54876685243221,1.0
1578,8.602849523447254,53.54876685243221,1.0
1579,8.602849523447254,53.54876685243221,1.0
1580,8.602849523447254,53.54876685243221,1.0
1581,8.602849523447254,53.54876685243221,1.0
1582,8.602849523447254,53.54876685243221,1.0
1583,8.602849523447254,53.54876685243221,1.0
1584,8.602849523447254,53.54876685243221,1.0
1585,8.602849523447254,53.54876685243221,1.0
1586,8.602849523447254,53.54876685243221,1.0
1587,8.602849523447254,53.54876685243221,1.0
1588,8.602849523447254,53.54876685243221,1.0
1589,8.602849523447254,53.54876685243221,1.0
1590,8.602849523447254,53.54876685243221,1.0
1591,8.602849523447254,53.54876685243221,1.0
1592,8.602849523447254,53.54876685243221,1.0
1593,8.602849523447254,53.54876685243221,1.0
1594,8.602849523447254,53.54876685243221,1.0
1595,8.602849523447254,53.54876685243221,1.0
1596,8.602849523447254,53.54876685243221,1.0
1597,8.602849523447254,53.54876685243221,1.0
1598,8.602849523447254,53.54876685243221,1.0
1599,8.602849523447254,53.54876685243221,1.0
1600,8.602849523447254,53.54876685243221,1.0
1601,8.602849523447254,53.54876685243221,1.0
1602,8.602849523447254,53.54876685243221,1.0
1603,8.602849523447254,53.54876685243221,1.0
1604,8.602849523447254,53.54876685243221,1.0
1605,8.602849523447254,53.54876685243221,1.0
1606,8.602849523447254,53.54876685243221,1.0
1607,8.602849523447254,53.54876685243221,1.0
1608,8.602849523447254,53.54876685243221,1.0
1609,8.602849523447254,53.54876685243221,1.0
1610,8.602849523447254,53.54876685243221,1.0
1611,8.602849523447254,53.54876685243221,1.0
1612,8.602849523447254,53.54876685243221,1.0
1613,8.602849523447254,53.54876685243221,1.0
1614,8.602849523447254,53.54876685243221,1.0
1615,8.602849523447254,53.54876685243221,1.0
1616,8.602849523447254,53.54876685243221,1.0
1617,8.602849523447254,53.54876685243221,1.0
1618,8.602849523447254,53.54876685243221,1.0
1619,8.602849523447254,53.54876685243221,1.0
1620,8.602849523447254,53.54876685243221,1.0
1621,8.602849523447254,53.54876685243221,1.0
1622,8.602849523447254,53.54876685243221,1.0
1623,8.602849523447254,53.54876685243221,1.0
1624,8.602849523447254,53.54876685243221,1.0
1625,8.602849523447254,53.54876685243221,1.0
1626,8.602849523447254,53.54876685243221,1.0
1627,8.602849523447254,53.54876685243221,1.0
1628,8.602849523447254,53.54876685243221,1.0
1629,8.602849523447254,53.54876685243221,1.0
1630,8.602849523447254,53.54876685243221,1.0
1631,8.602849523447254,53.54876685243221,1.0
1632,8.602849523447254,53.54876685243221,1.0
1633,8.602849523447254,53.54876685243221,1.0
1634,8.602849523447254,53.54876685243221,1.0
1635,8.602849523447254,53.54876685243221,1.0
1636,8.602849523447254,53.54876685243221,1.0
1637,8.602849523447254,53.54876685243221,1.0
1638,8.602849523447254,53.54876685243221,1.0
1639,8.602849523447254,53.54876685243221,1.0
1640,8.602849523447254,53.54876685243221,1.0
1641,8.602849523447254,53.54876685243221,1.0
1642,8.602849523447254,53.54876685243221,1.0
1643,8.602849523447254,53.54876685243221,1.0
1644,8.602849523447254,53.54876685243221,1.0
1645,8.602849523447254,53.54876685243221,1.0
1646,8.602849523447254,53.54876685243221,1.0
1647,8.602849523447254,53.54876685243221,1.0
1648,8.602849523447254,53.54876685243221,1.0
1649,8.602849523447254,53.54876685243221,1.0
1650,8.602849523447254,53.54876685243221,1.0
1651,8.602849523447254,53.54876685243221,1.0
1652,8.602849523447254,53.54876685243221,1.0
1653,8.602849523447254,53.54876685243221,1.0
1654,8.602849523447254,53.54876685243221,1.0
1655,8.602849523447254,53.54876685243221,1.0
1656,8.602849523447254,53.54876685243221,1.0
1657,8.602849523447254,53.54876685243221,1.0
1658,8.602849523447254,53.54876685243221,1.0
1659,8.602849523447254,53.54876685243221,1.0
1660,8.602849523447254,53.54876685243221,1.0
1661,8.602849523447254,53.54876685243221,1.0
1662,8.602849523447254,53.54876685243221,1.0
1663,8.602849523447254,53.54876685243221,1.0
1664,8.602849523447254,53.54876685243221,1.0
1665,8.602849523447254,53.54876685243221,1.0
1666,8.602849523447254,53.54876685243221,1.0
1667,8.602849523447254,53.54876685243221,1.0
1668,8.602849523447254,53.54876685243221,1.0
1669,8.602849523447254,53.54876685243221,1.0
1670,8.602849523447254,53.54876685243221,1.0
1671,8.602849523447254,53.54876685243221,1.0
1672,8.602849523447254,53.54876685243221,1.0
1673,8.602849523447254,53.54876685243221,1.0
1674,8.602849523447254,53.54876685243221,1.0
1675,8.602849523447254,53.54876685243221,1.0
1676,8.602849523447254,53.54876685243221,1.0
1677,8.602849523447254,53.54876685243221,1.0
1678,8.602849523447254,53.54876685243221,1.0
1679,8.602849523447254,53.54876685243221,1.0
1680,8.602849523447254,53.54876685243221,1.0
1681,8.602849523447254,53.54876685243221,1.0
1682,8.602849523447254,53.54876685243221,1.0
1683,8.602849523447254,53.54876685243221,1.0
1684,8.602849523447254,53.54876685243221,1.0
1685,8.602849523447254,53.54876685243221,1.0
1686,8.602849523447254,53.54876685243221,1.0
1687,8.602849523447254,53.54876685243221,1.0
1688,8.602849523447254,53.54876685243221,1.0
1689,8.602849523447254,53.54876685243221,1.0
1690,8.602849523447254,53.54876685243221,1.0
1691,8.602849523447254,53.54876685243221,1.0
1692,8.602849523447254,53.54876685243221,1.0
1693,8.602849523447254,53.54876685243221,1.0
1694,8.602849523447254,53.54876685243221,1.0
1695,8.602849523447254,53.54876685243221,1.0
1696,8.602849523447254,53.54876685243221,1.0
1697,8.602849523447254,53.54876685243221,1.0
1698,8.602849523447254,53.54876685243221,1.0
1699,8.602849523447254,53.54876685243221,1.0
1700,8.602849523447254,53.54876685243221,1.0
1701,8.602849523447254,53.54876685243221,1.0
1702,8.602849523447254,53.54876685243221,1.0
1703,8.602849523447254,53.54876685243221,1.0
1704,8.602849523447254,53.54876685243221,1.0
1705,8.602849523447254,53.54876685243221,1.0
1706,8.602849523447254,53.54876685243221,1.0
1707,8.602849523447254,53.54876685243221,1.0
1708,8.602849523447254,53.54876685243221,1.0
1709,8.602849523447254,53.54876685243221,1.0
1710,8.602849523447254,53.54876685243221,1.0
1711,8.602849523447254,53.54876685243221,1.0
1712,8.602849523447254,53.54876685243221,1.0
1713,8.602849523447254,53.54876685243221,1.0
1714,8.602849523447254,53.54876685243221,1.0
1715,8.602849523447254,53.54876685243221,1.0
1716,8.60285247754186,53.54876938778185,1.0
1717,8.60285247754186,53.54876938778185,1.0
1718,8.60285247754186,53.54876938778185,1.0
1719,8.60285247754186,53.54876938778185,1.0
1720,8.60285247754186,53.54876938778185,1.0
1721,8.60285247754186,53.54876938778185,1.0
1722,8.60285247754186,53.54876938778185,1.0
1723,8.60285247754186,53.54876938778185,1.0
1724,8.60285247754186,53.54876938778185,1.0
1725,8.60285247754186,53.54876938778185,1.0
1726,8.60285247754186,53.54876938778185,1.0
1727,8.60285247754186,53.54876938778185,1.0
1728,8.60285247754186,53.54876938778185,1.0
1729,8.60285247754186,53.54876938778185,1.0
1730,8.60285247754186,53.54876938778185,1.0
1731,8.60285247754186,53.54876938778185,1.0
1732,8.60285247754186,53.54876938778185,1.0
1733,8.60285247754186,53.54876938778185,1.0
1734,8.60285247754186,53.54876938778185,1.0
1735,8.60285247754186,53.54876938778185,1.0
1736,8.60285247754186,53.54876938778185,1.0
1737,8.60285247754186,53.54876938778185,1.0
1738,8.60285247754186,53.54876938778185,1.0
1739,8.60285247754186,53.54876938778185,1.0
1740,8.60285247754186,53.54876938778185,1.0
1741,8.60285247754186,53.54876938778185,1.0
1742,8.60285247754186,53.54876938778185,1.0
1743,8.60285247754186,53.54876938778185,1.0
1744,8.60285247754186,53.54876938778185,1.0
1745,8.60285247754186,53.54876938778185,1.0
1746,8.60285247754186,53.54876938778185,1.0
1747,8.60285247754186,53.54876938778185,1.0
1748,8.60285247754186,53.54876938778185,1.0
1749,8.602881211902105,53.54884290744782,1.0
1750,8.602881211902105,53.54884290744782,1.0
1751,8.602881211902105,53.54884290744782,1.0
1752,8.602881211902105,53.54884290744782,1.0
1753,8.602881211902105,53.54884290744782,1.0
1754,8.602881211902105,53.54884290744782,1.0
1755,8.602881211902105,53.54884290744782,1.0
1756,8.602881211902105,53.54884290744782,1.0
1757,8.602881211902105,53.54884290744782,1.0
1758,8.602881211902105,53.54884290744782,1.0
1759,8.602881211902105,53.54884290744782,1.0
1760,8.602881211902105,53.54884290744782,1.0
1761,8.602881211902105,53.54884290744782,1.0
1762,8.602881211902105,53.54884290744782,1.0
1763,8.602881211902105,53.54884290744782,1.0
1764,8.602881211902105,53.54884290744782,1.0
1765,8.602881211902105,53.54884290744782,1.0
1766,8.602881211902105,53.54884290744782,1.0
1767,8.602881211902105,53.54884290744782,1.0
1768,8.602881211902105,53.54884290744782,1.0
1769,8.602881211902105,53.54884290744782,1.0
1770,8.602881211902105,53.54884290744782,1.0
1771,8.602881211902105,53.54884290744782,1.0
1772,8.602881211902105,53.54884290744782,1.0
1773,8.602881211902105,53.54884290744782,1.0
1774,8.602881211902105,53.54884290744782,1.0
1775,8.602881211902105,53.54884290744782,1.0
1776,8.602881211902105,53.54884290744782,1.0
1777,8.602881211902105,53.54884290744782,1.0
1778,8.602881211902105,53.54884290744782,1.0
1779,8.602881211902105,53.54884290744782,1.0
1780,8.602881211902105,53.54884290744782,1.0
1781,8.602881211902105,53.54884290744782,1.0
1782,8.602870856118225,53.54985878245781,1.0
1783,8.602870856118225,53.54985878245781,1.0
1784,8.602870856118225,53.54985878245781,1.0
1785,8.602870856118225,53.54985878245781,1.0
1786,8.602870856118225,53.54985878245781,1.0
1787,8.602870856118225,53.54985878245781,1.0
1788,8.602870856118225,53.54985878245781,1.0
1789,8.602870856118225,53.54985878245781,1.0
1790,8.602870856118225,53.54985878245781,1.0
1791,8.602870856118225,53.54985878245781,1.0
1792,8.602870856118225,53.54985878245781,1.0
1793,8.602870856118225,53.54985878245781,1.0
1794,8.602870856118225,53.54985878245781,1.0
1795,8.602870856118225,53.54985878245781,1.0
1796,8.602870856118225,53.54985878245781,1.0
1797,8.602870856118225,53.54985878245781,1.0
1798,8.602870856118225,53.54985878245781,1.0
1799,8.602870856118225,53.54985878245781,1.0
1800,8.602870856118225,53.54985878245781,1.0
1801,8.602870856118225,53.54985878245781,1.0
1802,8.602870856118225,53.54985878245781,1.0
1803,8.602870856118225,53.54985878245781,1.0
1804,8.602870856118225,53.54985878245781,1.0
1805,8.602870856118225,53.54985878245781,1.0
1806,8.602870856118225,53.54985878245781,1.0
1807,8.602870856118225,53.54985878245781,1.0
1808,8.602870856118225,53.54985878245781,1.0
1809,8.602870856118225,53.54985878245781,1.0
1810,8.602870856118225,53.54985878245781,1.0
1811,8.602870856118225,53.54985878245781,1.0
1812,8.602870856118225,53.54985878245781,1.0
1813,8.602870856118225,53.54985878245781,1.0
1814,8.602870856118225,53.54985878245781,1.0
1815,8.60264726023974,53.55381659779362,1.0
1816,8.60264726023974,53.55381659779362,1.0
1817,8.60264726023974,53.55381659779362,1.0
1818,8.60264726023974,53.55381659779362,1.0
1819,8.60264726023974,53.55381659779362,1.0
1820,8.60264726023974,53.55381659779362,1.0
1821,8.60264726023974,53.55381659779362,1.0
1822,8.60264726023974,53.55381659779362,1.0
1823,8.60264726023974,53.55381659779362,1.0
1824,8.60264726023974,53.55381659779362,1.0
1825,8.60264726023974,53.55381659779362,1.0
1826,8.60264726023974,53.55381659779362,1.0
1827,8.60264726023974,53.55381659779362,1.0
1828,8.60264726023974,53.55381659779362,1.0
1829,8.60264726023974,53.55381659779362,1.0
1830,8.60264726023974,53.55381659779362,1.0
1831,8.60264726023974,53.55381659779362,1.0
1832,8.60264726023974,53.55381659779362,1.0
1833,8.60264726023974,53.55381659779362,1.0
1834,8.60264726023974,53.55381659779362,1.0
1835,8.60264726023974,53.55381659779362,1.0
1836,8.60264726023974,53.55381659779362,1.0
1837,8.60264726023974,53.55381659779362,1.0
1838,8.60264726023974,53.55381659779362,1.0
1839,8.60264726023974,53.55381659779362,1.0
1840,8.60264726023974,53.55381659779362,1.0
1841,8.60264726023974,53.55381659779362,1.0
1842,8.60264726023974,53.55381659779362,1.0
1843,8.60264726023974,53.55381659779362,1.0
1844,8.60264726023974,53.55381659779362,1.0
1845,8.60264726023974,53.55381659779362,1.0
1846,8.60264726023974,53.55381659779362,1.0
1847,8.60264726023974,53.55381659779362,1.0
1848,8.602618759278176,53.55673142610697,1.0
1849,8.602618759278176,53.55673142610697,1.0
1850,8.602618759278176,53.55673142610697,1.0
1851,8.602618759278176,53.55673142610697,1.0
1852,8.602618759278176,53.55673142610697,1.0
1853,8.602618759278176,53.55673142610697,1.0
1854,8.602618759278176,53.55673142610697,1.0
1855,8.602618759278176,53.55673142610697,1.0
1856,8.602618759278176,53.55673142610697,1.0
1857,8.602618759278176,53.55673142610697,1.0
1858,8.602618759278176,53.55673142610697,1.0
1859,8.602618759278176,53.55673142610697,1.0
1860,8.602618759278176,53.55673142610697,1.0
1861,8.602618759278176,53.55673142610697,1.0
1862,8.602618759278176,53.55673142610697,1.0
1863,8.602618759278176,53.55673142610697,1.0
1864,8.602618759278176,53.55673142610697,1.0
1865,8.602618759278176,53.55673142610697,1.0
1866,8.602618759278176,53.55673142610697,1.0
1867,8.602618759278176,53.55673142610697,1.0
1868,8.602618759278176,53.55673142610697,1.0
1869,8.602618759278176,53.55673142610697,1.0
1870,8.602618759278176,53.55673142610697,1.0
1871,8.602618759278176,53.55673142610697,1.0
1872,8.602618759278176,53.55673142610697,1.0
1873,8.602618759278176,53.55673142610697,1.0
1874,8.602618759278176,53.55673142610697,1.0
1875,8.602618759278176,53.55673142610697,1.0
1876,8.602618759278176,53.55673142610697,1.0
1877,8.602618759278176,53.55673142610697,1.0
1878,8.602618759278176,53.55673142610697,1.0
1879,8.602618759278176,53.55673142610697,1.0
1880,8.602618759278176,53.55673142610697,1.0
1881,8.599704390333885,53.56382198045348,1.0
1882,8.599704390333885,53.56382198045348,1.0
1883,8.599704390333885,53.56382198045348,1.0
1884,8.599704390333885,53.56382198045348,1.0
1885,8.599704390333885,53.56382198045348,1.0
1886,8.599704390333885,53.56382198045348,1.0
1887,8.599704390333885,53.56382198045348,1.0
1888,8.599704390333885,53.56382198045348,1.0
1889,8.599704390333885,53.56382198045348,1.0
1890,8.599704390333885,53.56382198045348,1.0
1891,8.599704390333885,53.56382198045348,1.0
1892,8.599704390333885,53.56382198045348,1.0
1893,8.599704390333885,53.56382198045348,1.0
1894,8.599704390333885,53.56382198045348,1.0
1895,8.599704390333885,53.56382198045348,1.0
1896,8.599704390333885,53.56382198045348,1.0
1897,8.599704390333885,53.56382198045348,1.0
1898,8.599704390333885,53.56382198045348,1.0
1899,8.599704390333885,53.56382198045348,1.0
1900,8.599704390333885,53.56382198045348,1.0
1901,8.599704390333885,53.56382198045348,1.0
1902,8.599704390333885,53.56382198045348,1.0
1903,8.599704390333885,53.56382198045348,1.0
1904,8.599704390333885,53.56382198045348,1.0
1905,8.599704390333885,53.56382198045348,1.0
1906,8.599704390333885,53.56382198045348,1.0
1907,8.599704390333885,53.56382198045348,1.0
1908,8.599704390333885,53.56382198045348,1.0
1909,8.599704390333885,53.56382198045348,1.0
1910,8.599704390333885,53.56382198045348,1.0
1911,8.599704390333885,53.56382198045348,1.0
1912,8.599704390333885,53.56382198045348,1.0
1913,8.599704390333885,53.56382198045348,1.0
1914,8.597098859785648,53.5705546715495,1.0
1915,8.597098859785648,53.5705546715495,1.0
1916,8.597098859785648,53.5705546715495,1.0
1917,8.597098859785648,53.5705546715495,1.0
1918,8.597098859785648,53.5705546715495,1.0
1919,8.597098859785648,53.5705546715495,1.0
1920,8.597098859785648,53.5705546715495,1.0
1921,8.597098859785648,53.5705546715495,1.0
1922,8.597098859785648,53.5705546715495,1.0
1923,8.597098859785648,53.5705546715495,1.0
1924,8.597098859785648,53.5705546715495,1.0
1925,8.597098859785648,53.5705546715495,1.0
1926,8.597098859785648,53.5705546715495,1.0
1927,8.597098859785648,53.5705546715495,1.0
1928,8.597098859785648,53.5705546715495,1.0
1929,8.597098859785648,53.5705546715495,1.0
1930,8.597098859785648,53.5705546715495,1.0
1931,8.597098859785648,53.5705546715495,1.0
1932,8.597098859785648,53.5705546715495,1.0
1933,8.597098859785648,53.5705546715495,1.0
1934,8.597098859785648,53.5705546715495,1.0
1935,8.597098859785648,53.5705546715495,1.0
1936,8.597098859785648,53.5705546715495,1.0
1937,8.597098859785648,53.5705546715495,1.0
1938,8.597098859785648,53.5705546715495,1.0
1939,8.597098859785648,53.5705546715495,1.0
1940,8.597098859785648,53.5705546715495,1.0
1941,8.597098859785648,53.5705546715495,1.0
1942,8.597098859785648,53.5705546715495,1.0
1943,8.597098859785648,53.5705546715495,1.0
1944,8.597098859785648,53.5705546715495,1.0
1945,8.597098859785648,53.5705546715495,1.0
1946,8.597098859785648,53.5705546715495,1.0
1947,8.596430907251644,53.575057597765934,1.0
1948,8.596430907251644,53.575057597765934,1.0
1949,8.596430907251644,53.575057597765934,1.0
1950,8.596430907251644,53.575057597765934,1.0
1951,8.596430907251644,53.575057597765934,1.0
1952,8.596430907251644,53.575057597765934,1.0
1953,8.596430907251644,53.575057597765934,1.0
1954,8.596430907251644,53.575057597765934,1.0
1955,8.596430907251644,53.575057597765934,1.0
1956,8.596430907251644,53.575057597765934,1.0
1957,8.596430907251644,53.575057597765934,1.0
1958,8.596430907251644,53.575057597765934,1.0
1959,8.596430907251644,53.575057597765934,1.0
1960,8.596430907251644,53.575057597765934,1.0
1961,8.596430907251644,53.575057597765934,1.0
1962,8.596430907251644,53.575057597765934,1.0
1963,8.596430907251644,53.575057597765934,1.0
1964,8.596430907251644,53.575057597765934,1.0
1965,8.596430907251644,53.575057597765934,1.0
1966,8.596430907251644,53.575057597765934,1.0
1967,8.596430907251644,53.575057597765934,1.0
1968,8.596430907251644,53.575057597765934,1.0
1969,8.596430907251644,53.575057597765934,1.0
1970,8.596430907251644,53.575057597765934,1.0
1971,8.596430907251644,53.575057597765934,1.0
1972,8.596430907251644,53.575057597765934,1.0
1973,8.596430907251644,53.575057597765934,1.0
1974,8.596430907251644,53.575057597765934,1.0
1975,8.596430907251644,53.575057597765934,1.0
1976,8.596430907251644,53.575057597765934,1.0
1977,8.596430907251644,53.575057597765934,1.0
1978,8.596430907251644,53.575057597765934,1.0
1979,8.596430907251644,53.575057597765934,1.0
1980,8.59720157322544,53.57871123031193,1.0
1981,8.59720157322544,53.57871123031193,1.0
1982,8.59720157322544,53.57871123031193,1.0
1983,8.59720157322544,53.57871123031193,1.0
1984,8.59720157322544,53.57871123031193,1.0
1985,8.59720157322544,53.57871123031193,1.0
1986,8.59720157322544,53.57871123031193,1.0
1987,8.59720157322544,53.57871123031193,1.0
1988,8.59720157322544,53.57871123031193,1.0
1989,8.59720157322544,53.57871123031193,1.0
1990,8.59720157322544,53.57871123031193,1.0
1991,8.59720157322544,53.57871123031193,1.0
1992,8.59720157322544,53.57871123031193,1.0
1993,8.59720157322544,53.57871123031193,1.0
1994,8.59720157322544,53.57871123031193,1.0
1995,8.59720157322544,53.57871123031193,1.0
1996,8.59720157322544,53.57871123031193,1.0
1997,8.59720157322544,53.57871123031193,1.0
1998,8.59720157322544,53.57871123031193,1.0
1999,8.59720157322544,53.57871123031193,1.0
2000,8.59720157322544,53.57871123031193,1.0
2001,8.59720157322544,53.57871123031193,1.0
2002,8.59720157322544,53.57871123031193,1.0
2003,8.59720157322544,53.57871123031193,1.0
2004,8.59720157322544,53.57871123031193,1.0
2005,8.59720157322544,53.57871123031193,1.0
2006,8.59720157322544,53.57871123031193,1.0
2007,8.59720157322544,53.57871123031193,1.0
2008,8.59720157322544,53.57871123031193,1.0
2009,8.59720157322544,53.57871123031193,1.0
2010,8.59720157322544,53.57871123031193,1.0
2011,8.59720157322544,53.57871123031193,1.0
2012,8.59720157322544,53.57871123031193,1.0
2013,8.599464305743222,53.5827927772335,1.0
2014,8.599464305743222,53.5827927772335,1.0
2015,8.599464305743222,53.5827927772335,1.0
2016,8.599464305743222,53.5827927772335,1.0
2017,8.599464305743222,53.5827927772335,1.0
2018,8.599464305743222,53.5827927772335,1.0
2019,8.599464305743222,53.5827927772335,1.0
2020,8.599464305743222,53.5827927772335,1.0
2021,8.599464305743222,53.5827927772335,1.0
2022,8.599464305743222,53.5827927772335,1.0
2023,8.599464305743222,53.5827927772335,1.0
2024,8.599464305743222,53.5827927772335,1.0
2025,8.599464305743222,53.5827927772335,1.0
2026,8.599464305743222,53.5827927772335,1.0
2027,8.599464305743222,53.5827927772335,1.0
2028,8.599464305743222,53.5827927772335,1.0
2029,8.599464305743222,53.5827927772335,1.0
2030,8.599464305743222,53.5827927772335,1.0
2031,8.599464305743222,53.5827927772335,1.0
2032,8.599464305743222,53.5827927772335,1.0
2033,8.599464305743222,53.5827927772335,1.0
2034,8.599464305743222,53.5827927772335,1.0
2035,8.599464305743222,53.5827927772335,1.0
2036,8.599464305743222,53.5827927772335,1.0
2037,8.599464305743222,53.5827927772335,1.0
2038,8.599464305743222,53.5827927772335,1.0
2039,8.599464305743222,53.5827927772335,1.0
2040,8.599464305743222,53.5827927772335,1.0
2041,8.599464305743222,53.5827927772335,1.0
2042,8.599464305743222,53.5827927772335,1.0
2043,8.599464305743222,53.5827927772335,1.0
2044,8.599464305743222,53.5827927772335,1.0
2045,8.599464305743222,53.5827927772335,1.0
2046,8.601817643836783,53.586752000075734,1.0
2047,8.601817643836783,53.586752000075734,1.0
2048,8.601817643836783,53.586752000075734,1.0
2049,8.601817643836783,53.586752000075734,1.0
2050,8.601817643836783,53.586752000075734,1.0
2051,8.601817643836783,53.586752000075734,1.0
2052,8.601817643836783,53.586752000075734,1.0
2053,8.601817643836783,53.586752000075734,1.0
2054,8.601817643836783,53.586752000075734,1.0
2055,8.601817643836783,53.586752000075734,1.0
2056,8.601817643836783,53.586752000075734,1.0
2057,8.601817643836783,53.586752000075734,1.0
2058,8.601817643836783,53.586752000075734,1.0
2059,8.601817643836783,53.586752000075734,1.0
2060,8.601817643836783,53.586752000075734,1.0
2061,8.601817643836783,53.586752000075734,1.0
2062,8.601817643836783,53.586752000075734,1.0
2063,8.601817643836783,53.586752000075734,1.0
2064,8.601817643836783,53.586752000075734,1.0
2065,8.601817643836783,53.586752000075734,1.0
2066,8.601817643836783,53.586752000075734,1.0
2067,8.601817643836783,53.586752000075734,1.0
2068,8.601817643836783,53.586752000075734,1.0
2069,8.601817643836783,53.586752000075734,1.0
2070,8.601817643836783,53.586752000075734,1.0
2071,8.601817643836783,53.586752000075734,1.0
2072,8.601817643836783,53.586752000075734,1.0
2073,8.601817643836783,53.586752000075734,1.0
2074,8.601817643836783,53.586752000075734,1.0
2075,8.601817643836783,53.586752000075734,1.0
2076,8.601817643836783,53.586752000075734,1.0
2077,8.601817643836783,53.586752000075734,1.0
2078,8.601817643836783,53.586752000075734,1.0
2079,8.603569291178578,53.590939931694564,1.0
2080,8.603569291178578,53.590939931694564,1.0
2081,8.603569291178578,53.590939931694564,1.0
2082,8.603569291178578,53.590939931694564,1.0
2083,8.603569291178578,53.590939931694564,1.0
2084,8.603569291178578,53.590939931694564,1.0
2085,8.603569291178578,53.590939931694564,1.0
2086,8.603569291178578,53.590939931694564,1.0
2087,8.603569291178578,53.590939931694564,1.0
2088,8.603569291178578,53.590939931694564,1.0
2089,8.603569291178578,53.590939931694564,1.0
2090,8.603569291178578,53.590939931694564,1.0
2091,8.603569291178578,53.590939931694564,1.0
2092,8.603569291178578,53.590939931694564,1.0
2093,8.603569291178578,53.590939931694564,1.0
2094,8.603569291178578,53.590939931694564,1.0
2095,8.603569291178578,53.590939931694564,1.0
2096,8.603569291178578,53.590939931694564,1.0
2097,8.603569291178578,53.590939931694564,1.0
2098,8.603569291178578,53.590939931694564,1.0
2099,8.603569291178578,53.590939931694564,1.0
2100,8.603569291178578,53.590939931694564,1.0
2101,8.603569291178578,53.590939931694564,1.0
2102,8.603569291178578,53.590939931694564,1.0
2103,8.603569291178578,53.590939931694564,1.0
2104,8.603569291178578,53.590939931694564,1.0
2105,8.603569291178578,53.590939931694564,1.0
2106,8.603569291178578,53.590939931694564,1.0
2107,8.603569291178578,53.590939931694564,1.0
2108,8.603569291178578,53.590939931694564,1.0
2109,8.603569291178578,53.590939931694564,1.0
2110,8.603569291178578,53.590939931694564,1.0
2111,8.603569291178578,53.590939931694564,1.0
2112,8.607890416056753,53.5951568138391,1.0
2113,8.607890416056753,53.5951568138391,1.0
2114,8.607890416056753,53.5951568138391,1.0
2115,8.607890416056753,53.5951568138391,1.0
2116,8.607890416056753,53.5951568138391,1.0
2117,8.607890416056753,53.5951568138391,1.0
2118,8.607890416056753,53.5951568138391,1.0
2119,8.607890416056753,53.5951568138391,1.0
2120,8.607890416056753,53.5951568138391,1.0
2121,8.607890416056753,53.5951568138391,1.0
2122,8.607890416056753,53.5951568138391,1.0
2123,8.607890416056753,53.5951568138391,1.0
2124,8.607890416056753,53.5951568138391,1.0
2125,8.607890416056753,53.5951568138391,1.0
2126,8.607890416056753,53.5951568138391,1.0
2127,8.607890416056753,53.5951568138391,1.0
2128,8.607890416056753,53.5951568138391,1.0
2129,8.607890416056753,53.5951568138391,1.0
2130,8.607890416056753,53.5951568138391,1.0
2131,8.607890416056753,53.5951568138391,1.0
2132,8.607890416056753,53.5951568138391,1.0
2133,8.607890416056753,53.5951568138391,1.0
2134,8.607890416056753,53.5951568138391,1.0
2135,8.607890416056753,53.5951568138391,1.0
2136,8.607890416056753,53.5951568138391,1.0
2137,8.607890416056753,53.5951568138391,1.0
2138,8.607890416056753,53.5951568138391,1.0
2139,8.607890416056753,53.5951568138391,1.0
2140,8.607890416056753,53.5951568138391,1.0
2141,8.607890416056753,53.5951568138391,1.0
2142,8.607890416056753,53.5951568138391,1.0
2143,8.607890416056753,53.5951568138391,1.0
2144,8.607890416056753,53.5951568138391,1.0
2145,8.61096559818292,53.598949640958,1.0
2146,8.61096559818292,53.598949640958,1.0
2147,8.61096559818292,53.598949640958,1.0
2148,8.61096559818292,53.598949640958,1.0
2149,8.61096559818292,53.598949640958,1.0
2150,8.61096559818292,53.598949640958,1.0
2151,8.61096559818292,53.598949640958,1.0
2152,8.61096559818292,53.598949640958,1.0
2153,8.61096559818292,53.598949640958,1.0
2154,8.61096559818292,53.598949640958,1.0
2155,8.61096559818292,53.598949640958,1.0
2156,8.61096559818292,53.598949640958,1.0
2157,8.61096559818292,53.598949640958,1.0
2158,8.61096559818292,53.598949640958,1.0
2159,8.61096559818292,53.598949640958,1.0
2160,8.61096559818292,53.598949640958,1.0
2161,8.61096559818292,53.598949640958,1.0
2162,8.61096559818292,53.598949640958,1.0
2163,8.61096559818292,53.598949640958,1.0
2164,8.61096559818292,53.598949640958,1.0
2165,8.61096559818292,53.598949640958,1.0
2166,8.61096559818292,53.598949640958,1.0
2167,8.61096559818292,53.598949640958,1.0
2168,8.61096559818292,53.598949640958,1.0
2169,8.61096559818292,53.598949640958,1.0
2170,8.61096559818292,53.598949640958,1.0
2171,8.61096559818292,53.598949640958,1.0
2172,8.61096559818292,53.598949640958,1.0
2173,8.61096559818292,53.598949640958,1.0
2174,8.61096559818292,53.598949640958,1.0
2175,8.61096559818292,53.598949640958,1.0
2176,8.61096559818292,53.598949640958,1.0
2177,8.61096559818292,53.598949640958,1.0
2178,8.541198605222037,53.60565834634109,1.0
2179,8.541198605222037,53.60565834634109,1.0
2180,8.541198605222037,53.60565834634109,1.0
2181,8.541198605222037,53.60565834634109,1.0
2182,8.541198605222037,53.60565834634109,1.0
2183,8.541198605222037,53.60565834634109,1.0
2184,8.541198605222037,53.60565834634109,1.0
2185,8.541198605222037,53.60565834634109,1.0
2186,8.541198605222037,53.60565834634109,1.0
2187,8.541198605222037,53.60565834634109,1.0
2188,8.541198605222037,53.60565834634109,1.0
2189,8.541198605222037,53.60565834634109,1.0
2190,8.541198605222037,53.60565834634109,1.0
2191,8.541198605222037,53.60565834634109,1.0
2192,8.541198605222037,53.60565834634109,1.0
2193,8.541198605222037,53.60565834634109,1.0
2194,8.541198605222037,53.60565834634109,1.0
2195,8.541198605222037,53.60565834634109,1.0
2196,8.541198605222037,53.60565834634109,1.0
2197,8.541198605222037,53.60565834634109,1.0
2198,8.541198605222037,53.60565834634109,1.0
2199,8.541198605222037,53.60565834634109,1.0
2200,8.541198605222037,53.60565834634109,1.0
2201,8.541198605222037,53.60565834634109,1.0
2202,8.541198605222037,53.60565834634109,1.0
2203,8.541198605222037,53.60565834634109,1.0
2204,8.541198605222037,53.60565834634109,1.0
2205,8.541198605222037,53.60565834634109,1.0
2206,8.541198605222037,53.60565834634109,1.0
2207,8.541198605222037,53.60565834634109,1.0
2208,8.541198605222037,53.60565834634109,1.0
2209,8.541198605222037,53.60565834634109,1.0
2210,8.541198605222037,53.60565834634109,1.0
